task,setup,released_decision_acc,stacked_y_equals_3_param_default_stacked_y,stacked_pred|stacked_y|higher|tie=0,stacked_pred|stacked_y|higher|tie=0.5,stacked_pred|stacked_y|higher|tie=1,stacked_pred|stacked_y|lower|tie=0,stacked_pred|stacked_y|lower|tie=0.5,stacked_pred|stacked_y|lower|tie=1,stacked_pred|step_2_y|higher|tie=0,stacked_pred|step_2_y|higher|tie=0.5,stacked_pred|step_2_y|higher|tie=1,stacked_pred|step_2_y|lower|tie=0,stacked_pred|step_2_y|lower|tie=0.5,stacked_pred|step_2_y|lower|tie=1,stacked_pred|one_b_default_seed|higher|tie=0,stacked_pred|one_b_default_seed|higher|tie=0.5,stacked_pred|one_b_default_seed|higher|tie=1,stacked_pred|one_b_default_seed|lower|tie=0,stacked_pred|one_b_default_seed|lower|tie=0.5,stacked_pred|one_b_default_seed|lower|tie=1,stacked_pred|one_b_three_seed_mean|higher|tie=0,stacked_pred|one_b_three_seed_mean|higher|tie=0.5,stacked_pred|one_b_three_seed_mean|higher|tie=1,stacked_pred|one_b_three_seed_mean|lower|tie=0,stacked_pred|one_b_three_seed_mean|lower|tie=0.5,stacked_pred|one_b_three_seed_mean|lower|tie=1,step_2_pred|stacked_y|higher|tie=0,step_2_pred|stacked_y|higher|tie=0.5,step_2_pred|stacked_y|higher|tie=1,step_2_pred|stacked_y|lower|tie=0,step_2_pred|stacked_y|lower|tie=0.5,step_2_pred|stacked_y|lower|tie=1,step_2_pred|step_2_y|higher|tie=0,step_2_pred|step_2_y|higher|tie=0.5,step_2_pred|step_2_y|higher|tie=1,step_2_pred|step_2_y|lower|tie=0,step_2_pred|step_2_y|lower|tie=0.5,step_2_pred|step_2_y|lower|tie=1,step_2_pred|one_b_default_seed|higher|tie=0,step_2_pred|one_b_default_seed|higher|tie=0.5,step_2_pred|one_b_default_seed|higher|tie=1,step_2_pred|one_b_default_seed|lower|tie=0,step_2_pred|one_b_default_seed|lower|tie=0.5,step_2_pred|one_b_default_seed|lower|tie=1,step_2_pred|one_b_three_seed_mean|higher|tie=0,step_2_pred|one_b_three_seed_mean|higher|tie=0.5,step_2_pred|one_b_three_seed_mean|higher|tie=1,step_2_pred|one_b_three_seed_mean|lower|tie=0,step_2_pred|one_b_three_seed_mean|lower|tie=0.5,step_2_pred|one_b_three_seed_mean|lower|tie=1,matches_reference_convention,matched_by_any_convention
arc_challenge,3_param-default,0.8333333333333335,True,0.8333333333333334,0.8383333333333334,0.8433333333333334,0.15666666666666668,0.16166666666666665,0.16666666666666666,0.8333333333333334,0.8383333333333334,0.8433333333333334,0.15666666666666668,0.16166666666666665,0.16666666666666666,0.8333333333333334,0.8383333333333334,0.8433333333333334,0.15666666666666668,0.16166666666666665,0.16666666666666666,0.8166666666666667,0.8166666666666667,0.8166666666666667,0.18333333333333332,0.18333333333333332,0.18333333333333332,0.8333333333333334,0.8383333333333334,0.8433333333333334,0.15666666666666668,0.16166666666666665,0.16666666666666666,0.8333333333333334,0.8383333333333334,0.8433333333333334,0.15666666666666668,0.16166666666666665,0.16666666666666666,0.8333333333333334,0.8383333333333334,0.8433333333333334,0.15666666666666668,0.16166666666666665,0.16666666666666666,0.8166666666666667,0.8166666666666667,0.8166666666666667,0.18333333333333332,0.18333333333333332,0.18333333333333332,False,True
arc_challenge,2_param-default,0.8233333333333335,True,0.8233333333333334,0.8283333333333334,0.8333333333333334,0.16666666666666666,0.17166666666666666,0.17666666666666667,0.8233333333333334,0.8283333333333334,0.8333333333333334,0.16666666666666666,0.17166666666666666,0.17666666666666667,0.8233333333333334,0.8283333333333334,0.8333333333333334,0.16666666666666666,0.17166666666666666,0.17666666666666667,0.8,0.8,0.8,0.2,0.2,0.2,0.8333333333333334,0.8383333333333334,0.8433333333333334,0.15666666666666668,0.16166666666666665,0.16666666666666666,0.8333333333333334,0.8383333333333334,0.8433333333333334,0.15666666666666668,0.16166666666666665,0.16666666666666666,0.8333333333333334,0.8383333333333334,0.8433333333333334,0.15666666666666668,0.16166666666666665,0.16666666666666666,0.8166666666666667,0.8166666666666667,0.8166666666666667,0.18333333333333332,0.18333333333333332,0.18333333333333332,False,True
arc_challenge,5_param-ai2,0.8366666666666667,False,0.14,0.14,0.14,0.86,0.86,0.86,0.8333333333333334,0.8383333333333334,0.8433333333333334,0.15666666666666668,0.16166666666666665,0.16666666666666666,0.8333333333333334,0.8383333333333334,0.8433333333333334,0.15666666666666668,0.16166666666666665,0.16666666666666666,0.8133333333333334,0.8133333333333334,0.8133333333333334,0.18666666666666668,0.18666666666666668,0.18666666666666668,0.15,0.15,0.15,0.85,0.85,0.85,0.8333333333333334,0.8383333333333334,0.8433333333333334,0.15666666666666668,0.16166666666666665,0.16666666666666666,0.8333333333333334,0.8383333333333334,0.8433333333333334,0.15666666666666668,0.16166666666666665,0.16666666666666666,0.8166666666666667,0.8166666666666667,0.8166666666666667,0.18333333333333332,0.18333333333333332,0.18333333333333332,False,False
arc_challenge,3_param-1_step,0.8966666666666666,False,0.8866666666666667,0.8916666666666667,0.8966666666666666,0.10333333333333333,0.10833333333333334,0.11333333333333333,0.8866666666666667,0.8916666666666667,0.8966666666666666,0.10333333333333333,0.10833333333333334,0.11333333333333333,0.8966666666666666,0.9016666666666666,0.9066666666666666,0.09333333333333334,0.09833333333333333,0.10333333333333333,0.9066666666666666,0.9066666666666666,0.9066666666666666,0.09333333333333334,0.09333333333333334,0.09333333333333334,0.8866666666666667,0.8916666666666667,0.8966666666666666,0.10333333333333333,0.10833333333333334,0.11333333333333333,0.8866666666666667,0.8916666666666667,0.8966666666666666,0.10333333333333333,0.10833333333333334,0.11333333333333333,0.8966666666666666,0.9016666666666666,0.9066666666666666,0.09333333333333334,0.09833333333333333,0.10333333333333333,0.9066666666666666,0.9066666666666666,0.9066666666666666,0.09333333333333334,0.09333333333333334,0.09333333333333334,False,True
arc_challenge,5_param-1_step-ai2,0.7033333333333335,False,0.7,0.705,0.71,0.29,0.295,0.3,0.7,0.705,0.71,0.29,0.295,0.3,0.7,0.705,0.71,0.29,0.295,0.3,0.68,0.68,0.68,0.32,0.32,0.32,0.7,0.705,0.71,0.29,0.295,0.3,0.7,0.705,0.71,0.29,0.295,0.3,0.7,0.705,0.71,0.29,0.295,0.3,0.68,0.68,0.68,0.32,0.32,0.32,False,False
arc_challenge,3_param-default-helper_points,0.85,True,0.85,0.855,0.86,0.14,0.145,0.15,0.85,0.855,0.86,0.14,0.145,0.15,0.85,0.855,0.86,0.14,0.145,0.15,0.8533333333333334,0.8533333333333334,0.8533333333333334,0.14666666666666667,0.14666666666666667,0.14666666666666667,0.8833333333333333,0.8883333333333333,0.8933333333333333,0.10666666666666667,0.11166666666666666,0.11666666666666667,0.8833333333333333,0.8883333333333333,0.8933333333333333,0.10666666666666667,0.11166666666666666,0.11666666666666667,0.8833333333333333,0.8883333333333333,0.8933333333333333,0.10666666666666667,0.11166666666666666,0.11666666666666667,0.88,0.88,0.88,0.12,0.12,0.12,False,True
arc_challenge,3_param-default-step2=0.5,0.8166666666666668,True,0.8133333333333334,0.8183333333333334,0.8233333333333334,0.17666666666666667,0.18166666666666667,0.18666666666666668,0.8133333333333334,0.8183333333333334,0.8233333333333334,0.17666666666666667,0.18166666666666667,0.18666666666666668,0.8133333333333334,0.8183333333333334,0.8233333333333334,0.17666666666666667,0.18166666666666667,0.18666666666666668,0.8266666666666667,0.8266666666666667,0.8266666666666667,0.17333333333333334,0.17333333333333334,0.17333333333333334,0.8066666666666666,0.8116666666666666,0.8166666666666667,0.18333333333333332,0.18833333333333332,0.19333333333333333,0.8066666666666666,0.8116666666666666,0.8166666666666667,0.18333333333333332,0.18833333333333332,0.19333333333333333,0.8066666666666666,0.8116666666666666,0.8166666666666667,0.18333333333333332,0.18833333333333332,0.19333333333333333,0.82,0.82,0.82,0.18,0.18,0.18,False,True
arc_challenge,3_param-default-helper_points-step2=0.5,0.8133333333333332,True,0.8133333333333334,0.8183333333333334,0.8233333333333334,0.17666666666666667,0.18166666666666667,0.18666666666666668,0.8133333333333334,0.8183333333333334,0.8233333333333334,0.17666666666666667,0.18166666666666667,0.18666666666666668,0.8133333333333334,0.8183333333333334,0.8233333333333334,0.17666666666666667,0.18166666666666667,0.18666666666666668,0.81,0.81,0.81,0.19,0.19,0.19,0.8433333333333334,0.8483333333333334,0.8533333333333334,0.14666666666666667,0.15166666666666667,0.15666666666666668,0.8433333333333334,0.8483333333333334,0.8533333333333334,0.14666666666666667,0.15166666666666667,0.15666666666666668,0.8433333333333334,0.8483333333333334,0.8533333333333334,0.14666666666666667,0.15166666666666667,0.15666666666666668,0.8266666666666667,0.8266666666666667,0.8266666666666667,0.17333333333333334,0.17333333333333334,0.17333333333333334,False,True
arc_easy,5_param-ai2,0.9433333333333335,False,0.06333333333333334,0.06333333333333334,0.06333333333333334,0.9366666666666666,0.9366666666666666,0.9366666666666666,0.9433333333333334,0.9433333333333334,0.9433333333333334,0.056666666666666664,0.056666666666666664,0.056666666666666664,0.9433333333333334,0.9433333333333334,0.9433333333333334,0.056666666666666664,0.056666666666666664,0.056666666666666664,0.9333333333333333,0.9333333333333333,0.9333333333333333,0.06666666666666667,0.06666666666666667,0.06666666666666667,0.03666666666666667,0.03666666666666667,0.03666666666666667,0.9633333333333334,0.9633333333333334,0.9633333333333334,0.9433333333333334,0.9433333333333334,0.9433333333333334,0.056666666666666664,0.056666666666666664,0.056666666666666664,0.9433333333333334,0.9433333333333334,0.9433333333333334,0.056666666666666664,0.056666666666666664,0.056666666666666664,0.9466666666666667,0.9466666666666667,0.9466666666666667,0.05333333333333334,0.05333333333333334,0.05333333333333334,False,True
arc_easy,3_param-1_step,0.9633333333333334,False,0.9533333333333334,0.9533333333333334,0.9533333333333334,0.04666666666666667,0.04666666666666667,0.04666666666666667,0.9533333333333334,0.9533333333333334,0.9533333333333334,0.04666666666666667,0.04666666666666667,0.04666666666666667,0.9633333333333334,0.9633333333333334,0.9633333333333334,0.03666666666666667,0.03666666666666667,0.03666666666666667,0.9466666666666667,0.9466666666666667,0.9466666666666667,0.05333333333333334,0.05333333333333334,0.05333333333333334,0.9533333333333334,0.9533333333333334,0.9533333333333334,0.04666666666666667,0.04666666666666667,0.04666666666666667,0.9533333333333334,0.9533333333333334,0.9533333333333334,0.04666666666666667,0.04666666666666667,0.04666666666666667,0.9633333333333334,0.9633333333333334,0.9633333333333334,0.03666666666666667,0.03666666666666667,0.03666666666666667,0.9466666666666667,0.9466666666666667,0.9466666666666667,0.05333333333333334,0.05333333333333334,0.05333333333333334,False,True
arc_easy,5_param-1_step-ai2,0.8,False,0.8033333333333333,0.8033333333333333,0.8033333333333333,0.19666666666666666,0.19666666666666666,0.19666666666666666,0.8033333333333333,0.8033333333333333,0.8033333333333333,0.19666666666666666,0.19666666666666666,0.19666666666666666,0.8,0.8,0.8,0.2,0.2,0.2,0.7966666666666666,0.7966666666666666,0.7966666666666666,0.20333333333333334,0.20333333333333334,0.20333333333333334,0.8033333333333333,0.8033333333333333,0.8033333333333333,0.19666666666666666,0.19666666666666666,0.19666666666666666,0.8033333333333333,0.8033333333333333,0.8033333333333333,0.19666666666666666,0.19666666666666666,0.19666666666666666,0.8,0.8,0.8,0.2,0.2,0.2,0.7966666666666666,0.7966666666666666,0.7966666666666666,0.20333333333333334,0.20333333333333334,0.20333333333333334,False,True
boolq,3_param-default,0.6033333333333334,True,0.6,0.6016666666666667,0.6033333333333334,0.39666666666666667,0.3983333333333333,0.4,0.6,0.6016666666666667,0.6033333333333334,0.39666666666666667,0.3983333333333333,0.4,0.6,0.6016666666666667,0.6033333333333334,0.39666666666666667,0.3983333333333333,0.4,0.6933333333333334,0.6933333333333334,0.6933333333333334,0.30666666666666664,0.30666666666666664,0.30666666666666664,0.6466666666666666,0.6483333333333333,0.65,0.35,0.3516666666666667,0.35333333333333333,0.6466666666666666,0.6483333333333333,0.65,0.35,0.3516666666666667,0.35333333333333333,0.6466666666666666,0.6483333333333333,0.65,0.35,0.3516666666666667,0.35333333333333333,0.74,0.74,0.74,0.26,0.26,0.26,False,True
boolq,2_param-default,0.5766666666666667,True,0.5733333333333334,0.575,0.5766666666666667,0.42333333333333334,0.425,0.4266666666666667,0.5733333333333334,0.575,0.5766666666666667,0.42333333333333334,0.425,0.4266666666666667,0.5733333333333334,0.575,0.5766666666666667,0.42333333333333334,0.425,0.4266666666666667,0.6733333333333333,0.6733333333333333,0.6733333333333333,0.32666666666666666,0.32666666666666666,0.32666666666666666,0.6466666666666666,0.6483333333333333,0.65,0.35,0.3516666666666667,0.35333333333333333,0.6466666666666666,0.6483333333333333,0.65,0.35,0.3516666666666667,0.35333333333333333,0.6466666666666666,0.6483333333333333,0.65,0.35,0.3516666666666667,0.35333333333333333,0.74,0.74,0.74,0.26,0.26,0.26,False,True
boolq,5_param-ai2,0.59,False,0.28,0.28,0.28,0.72,0.72,0.72,0.5866666666666667,0.5883333333333334,0.59,0.41,0.4116666666666667,0.41333333333333333,0.5866666666666667,0.5883333333333334,0.59,0.41,0.4116666666666667,0.41333333333333333,0.6866666666666666,0.6866666666666666,0.6866666666666666,0.31333333333333335,0.31333333333333335,0.31333333333333335,0.20666666666666667,0.20666666666666667,0.20666666666666667,0.7933333333333333,0.7933333333333333,0.7933333333333333,0.6466666666666666,0.6483333333333333,0.65,0.35,0.3516666666666667,0.35333333333333333,0.6466666666666666,0.6483333333333333,0.65,0.35,0.3516666666666667,0.35333333333333333,0.74,0.74,0.74,0.26,0.26,0.26,False,True
boolq,3_param-1_step,0.6166666666666667,False,0.63,0.63,0.63,0.37,0.37,0.37,0.63,0.63,0.63,0.37,0.37,0.37,0.6133333333333333,0.615,0.6166666666666667,0.38333333333333336,0.385,0.38666666666666666,0.6266666666666667,0.6266666666666667,0.6266666666666667,0.37333333333333335,0.37333333333333335,0.37333333333333335,0.63,0.63,0.63,0.37,0.37,0.37,0.63,0.63,0.63,0.37,0.37,0.37,0.6133333333333333,0.615,0.6166666666666667,0.38333333333333336,0.385,0.38666666666666666,0.6266666666666667,0.6266666666666667,0.6266666666666667,0.37333333333333335,0.37333333333333335,0.37333333333333335,False,True
boolq,5_param-1_step-ai2,0.58,False,0.6,0.6,0.6,0.4,0.4,0.4,0.6,0.6,0.6,0.4,0.4,0.4,0.5766666666666667,0.5783333333333334,0.58,0.42,0.4216666666666667,0.42333333333333334,0.5966666666666667,0.5966666666666667,0.5966666666666667,0.4033333333333333,0.4033333333333333,0.4033333333333333,0.6,0.6,0.6,0.4,0.4,0.4,0.6,0.6,0.6,0.4,0.4,0.4,0.5766666666666667,0.5783333333333334,0.58,0.42,0.4216666666666667,0.42333333333333334,0.5966666666666667,0.5966666666666667,0.5966666666666667,0.4033333333333333,0.4033333333333333,0.4033333333333333,False,True
boolq,3_param-default-helper_points,0.59,True,0.5866666666666667,0.5883333333333334,0.59,0.41,0.4116666666666667,0.41333333333333333,0.5866666666666667,0.5883333333333334,0.59,0.41,0.4116666666666667,0.41333333333333333,0.5866666666666667,0.5883333333333334,0.59,0.41,0.4116666666666667,0.41333333333333333,0.68,0.68,0.68,0.32,0.32,0.32,0.62,0.6216666666666667,0.6233333333333333,0.37666666666666665,0.37833333333333335,0.38,0.62,0.6216666666666667,0.6233333333333333,0.37666666666666665,0.37833333333333335,0.38,0.62,0.6216666666666667,0.6233333333333333,0.37666666666666665,0.37833333333333335,0.38,0.6666666666666666,0.6666666666666666,0.6666666666666666,0.3333333333333333,0.3333333333333333,0.3333333333333333,False,True
boolq,3_param-default-step2=0.5,0.6133333333333333,True,0.61,0.6116666666666667,0.6133333333333333,0.38666666666666666,0.3883333333333333,0.39,0.61,0.6116666666666667,0.6133333333333333,0.38666666666666666,0.3883333333333333,0.39,0.61,0.6116666666666667,0.6133333333333333,0.38666666666666666,0.3883333333333333,0.39,0.71,0.71,0.71,0.29,0.29,0.29,0.65,0.6516666666666666,0.6533333333333333,0.3466666666666667,0.34833333333333333,0.35,0.65,0.6516666666666666,0.6533333333333333,0.3466666666666667,0.34833333333333333,0.35,0.65,0.6516666666666666,0.6533333333333333,0.3466666666666667,0.34833333333333333,0.35,0.7166666666666667,0.7166666666666667,0.7166666666666667,0.2833333333333333,0.2833333333333333,0.2833333333333333,False,True
boolq,3_param-default-helper_points-step2=0.5,0.5866666666666667,True,0.5833333333333334,0.585,0.5866666666666667,0.41333333333333333,0.415,0.4166666666666667,0.5833333333333334,0.585,0.5866666666666667,0.41333333333333333,0.415,0.4166666666666667,0.5833333333333334,0.585,0.5866666666666667,0.41333333333333333,0.415,0.4166666666666667,0.6833333333333333,0.6833333333333333,0.6833333333333333,0.31666666666666665,0.31666666666666665,0.31666666666666665,0.66,0.6616666666666666,0.6633333333333333,0.33666666666666667,0.3383333333333333,0.34,0.66,0.6616666666666666,0.6633333333333333,0.33666666666666667,0.3383333333333333,0.34,0.66,0.6616666666666666,0.6633333333333333,0.33666666666666667,0.3383333333333333,0.34,0.7266666666666667,0.7266666666666667,0.7266666666666667,0.2733333333333333,0.2733333333333333,0.2733333333333333,False,True
csqa,5_param-ai2,0.6633333333333333,False,0.17333333333333334,0.17333333333333334,0.17333333333333334,0.8266666666666667,0.8266666666666667,0.8266666666666667,0.66,0.6633333333333333,0.6666666666666666,0.3333333333333333,0.33666666666666667,0.34,0.66,0.6633333333333333,0.6666666666666666,0.3333333333333333,0.33666666666666667,0.34,0.73,0.7316666666666667,0.7333333333333333,0.26666666666666666,0.2683333333333333,0.27,0.13,0.13,0.13,0.87,0.87,0.87,0.6833333333333333,0.6866666666666666,0.69,0.31,0.31333333333333335,0.31666666666666665,0.6833333333333333,0.6866666666666666,0.69,0.31,0.31333333333333335,0.31666666666666665,0.7333333333333333,0.735,0.7366666666666667,0.2633333333333333,0.265,0.26666666666666666,False,True
csqa,3_param-1_step,0.7966666666666665,False,0.7966666666666666,0.8016666666666666,0.8066666666666666,0.19333333333333333,0.19833333333333333,0.20333333333333334,0.7966666666666666,0.8016666666666666,0.8066666666666666,0.19333333333333333,0.19833333333333333,0.20333333333333334,0.7933333333333333,0.7966666666666666,0.8,0.2,0.20333333333333334,0.20666666666666667,0.82,0.8216666666666667,0.8233333333333334,0.17666666666666667,0.17833333333333334,0.18,0.7966666666666666,0.8016666666666666,0.8066666666666666,0.19333333333333333,0.19833333333333333,0.20333333333333334,0.7966666666666666,0.8016666666666666,0.8066666666666666,0.19333333333333333,0.19833333333333333,0.20333333333333334,0.7933333333333333,0.7966666666666666,0.8,0.2,0.20333333333333334,0.20666666666666667,0.82,0.8216666666666667,0.8233333333333334,0.17666666666666667,0.17833333333333334,0.18,False,True
csqa,5_param-1_step-ai2,0.6333333333333333,False,0.6333333333333333,0.6383333333333333,0.6433333333333333,0.3566666666666667,0.3616666666666667,0.36666666666666664,0.6333333333333333,0.6383333333333333,0.6433333333333333,0.3566666666666667,0.3616666666666667,0.36666666666666664,0.63,0.6333333333333333,0.6366666666666667,0.36333333333333334,0.36666666666666664,0.37,0.6666666666666666,0.6683333333333333,0.67,0.33,0.33166666666666667,0.3333333333333333,0.6333333333333333,0.6383333333333333,0.6433333333333333,0.3566666666666667,0.3616666666666667,0.36666666666666664,0.6333333333333333,0.6383333333333333,0.6433333333333333,0.3566666666666667,0.3616666666666667,0.36666666666666664,0.63,0.6333333333333333,0.6366666666666667,0.36333333333333334,0.36666666666666664,0.37,0.6666666666666666,0.6683333333333333,0.67,0.33,0.33166666666666667,0.3333333333333333,False,True
hellaswag,5_param-ai2,0.8066666666666665,False,0.2866666666666667,0.2866666666666667,0.2866666666666667,0.7133333333333334,0.7133333333333334,0.7133333333333334,0.8066666666666666,0.8066666666666666,0.8066666666666666,0.19333333333333333,0.19333333333333333,0.19333333333333333,0.8066666666666666,0.8066666666666666,0.8066666666666666,0.19333333333333333,0.19333333333333333,0.19333333333333333,0.8066666666666666,0.8066666666666666,0.8066666666666666,0.19333333333333333,0.19333333333333333,0.19333333333333333,0.28,0.28,0.28,0.72,0.72,0.72,0.8066666666666666,0.8066666666666666,0.8066666666666666,0.19333333333333333,0.19333333333333333,0.19333333333333333,0.8066666666666666,0.8066666666666666,0.8066666666666666,0.19333333333333333,0.19333333333333333,0.19333333333333333,0.8133333333333334,0.8133333333333334,0.8133333333333334,0.18666666666666668,0.18666666666666668,0.18666666666666668,False,True
hellaswag,3_param-1_step,0.91,False,0.9,0.9,0.9,0.1,0.1,0.1,0.9,0.9,0.9,0.1,0.1,0.1,0.91,0.91,0.91,0.09,0.09,0.09,0.91,0.91,0.91,0.09,0.09,0.09,0.9,0.9,0.9,0.1,0.1,0.1,0.9,0.9,0.9,0.1,0.1,0.1,0.91,0.91,0.91,0.09,0.09,0.09,0.91,0.91,0.91,0.09,0.09,0.09,False,True
hellaswag,5_param-1_step-ai2,0.7533333333333333,False,0.7633333333333333,0.7633333333333333,0.7633333333333333,0.23666666666666666,0.23666666666666666,0.23666666666666666,0.7633333333333333,0.7633333333333333,0.7633333333333333,0.23666666666666666,0.23666666666666666,0.23666666666666666,0.7533333333333333,0.7533333333333333,0.7533333333333333,0.24666666666666667,0.24666666666666667,0.24666666666666667,0.76,0.76,0.76,0.24,0.24,0.24,0.7633333333333333,0.7633333333333333,0.7633333333333333,0.23666666666666666,0.23666666666666666,0.23666666666666666,0.7633333333333333,0.7633333333333333,0.7633333333333333,0.23666666666666666,0.23666666666666666,0.23666666666666666,0.7533333333333333,0.7533333333333333,0.7533333333333333,0.24666666666666667,0.24666666666666667,0.24666666666666667,0.76,0.76,0.76,0.24,0.24,0.24,False,True
mmlu,5_param-ai2,0.8733333333333333,False,0.11,0.11,0.11,0.89,0.89,0.89,0.8733333333333333,0.8733333333333333,0.8733333333333333,0.12666666666666668,0.12666666666666668,0.12666666666666668,0.8733333333333333,0.8733333333333333,0.8733333333333333,0.12666666666666668,0.12666666666666668,0.12666666666666668,0.8766666666666667,0.8766666666666667,0.8766666666666667,0.12333333333333334,0.12333333333333334,0.12333333333333334,0.09666666666666666,0.09666666666666666,0.09666666666666666,0.9033333333333333,0.9033333333333333,0.9033333333333333,0.88,0.88,0.88,0.12,0.12,0.12,0.88,0.88,0.88,0.12,0.12,0.12,0.8833333333333333,0.8833333333333333,0.8833333333333333,0.11666666666666667,0.11666666666666667,0.11666666666666667,False,True
mmlu,3_param-1_step,0.89,False,0.8966666666666666,0.8966666666666666,0.8966666666666666,0.10333333333333333,0.10333333333333333,0.10333333333333333,0.8966666666666666,0.8966666666666666,0.8966666666666666,0.10333333333333333,0.10333333333333333,0.10333333333333333,0.89,0.89,0.89,0.11,0.11,0.11,0.88,0.88,0.88,0.12,0.12,0.12,0.8966666666666666,0.8966666666666666,0.8966666666666666,0.10333333333333333,0.10333333333333333,0.10333333333333333,0.8966666666666666,0.8966666666666666,0.8966666666666666,0.10333333333333333,0.10333333333333333,0.10333333333333333,0.89,0.89,0.89,0.11,0.11,0.11,0.88,0.88,0.88,0.12,0.12,0.12,False,True
mmlu,5_param-1_step-ai2,0.79,False,0.7966666666666666,0.7966666666666666,0.7966666666666666,0.20333333333333334,0.20333333333333334,0.20333333333333334,0.7966666666666666,0.7966666666666666,0.7966666666666666,0.20333333333333334,0.20333333333333334,0.20333333333333334,0.79,0.79,0.79,0.21,0.21,0.21,0.7933333333333333,0.7933333333333333,0.7933333333333333,0.20666666666666667,0.20666666666666667,0.20666666666666667,0.7966666666666666,0.7966666666666666,0.7966666666666666,0.20333333333333334,0.20333333333333334,0.20333333333333334,0.7966666666666666,0.7966666666666666,0.7966666666666666,0.20333333333333334,0.20333333333333334,0.20333333333333334,0.79,0.79,0.79,0.21,0.21,0.21,0.7933333333333333,0.7933333333333333,0.7933333333333333,0.20666666666666667,0.20666666666666667,0.20666666666666667,False,True
olmes_10_macro_avg,5_param-ai2,0.7866666666666666,False,0.11333333333333333,0.11333333333333333,0.11333333333333333,0.8866666666666667,0.8866666666666667,0.8866666666666667,0.7866666666666666,0.7866666666666666,0.7866666666666666,0.21333333333333335,0.21333333333333335,0.21333333333333335,0.7866666666666666,0.7866666666666666,0.7866666666666666,0.21333333333333335,0.21333333333333335,0.21333333333333335,0.7933333333333333,0.7933333333333333,0.7933333333333333,0.20666666666666667,0.20666666666666667,0.20666666666666667,0.10666666666666667,0.10666666666666667,0.10666666666666667,0.8933333333333333,0.8933333333333333,0.8933333333333333,0.8066666666666666,0.8066666666666666,0.8066666666666666,0.19333333333333333,0.19333333333333333,0.19333333333333333,0.8066666666666666,0.8066666666666666,0.8066666666666666,0.19333333333333333,0.19333333333333333,0.19333333333333333,0.82,0.82,0.82,0.18,0.18,0.18,False,True
olmes_10_macro_avg,3_param-1_step,0.7866666666666666,False,0.8033333333333333,0.8033333333333333,0.8033333333333333,0.19666666666666666,0.19666666666666666,0.19666666666666666,0.8033333333333333,0.8033333333333333,0.8033333333333333,0.19666666666666666,0.19666666666666666,0.19666666666666666,0.7866666666666666,0.7866666666666666,0.7866666666666666,0.21333333333333335,0.21333333333333335,0.21333333333333335,0.8266666666666667,0.8266666666666667,0.8266666666666667,0.17333333333333334,0.17333333333333334,0.17333333333333334,0.8033333333333333,0.8033333333333333,0.8033333333333333,0.19666666666666666,0.19666666666666666,0.19666666666666666,0.8033333333333333,0.8033333333333333,0.8033333333333333,0.19666666666666666,0.19666666666666666,0.19666666666666666,0.7866666666666666,0.7866666666666666,0.7866666666666666,0.21333333333333335,0.21333333333333335,0.21333333333333335,0.8266666666666667,0.8266666666666667,0.8266666666666667,0.17333333333333334,0.17333333333333334,0.17333333333333334,False,True
olmes_10_macro_avg,5_param-1_step-ai2,0.6633333333333333,False,0.68,0.68,0.68,0.32,0.32,0.32,0.68,0.68,0.68,0.32,0.32,0.32,0.6633333333333333,0.6633333333333333,0.6633333333333333,0.33666666666666667,0.33666666666666667,0.33666666666666667,0.6633333333333333,0.6633333333333333,0.6633333333333333,0.33666666666666667,0.33666666666666667,0.33666666666666667,0.68,0.68,0.68,0.32,0.32,0.32,0.68,0.68,0.68,0.32,0.32,0.32,0.6633333333333333,0.6633333333333333,0.6633333333333333,0.33666666666666667,0.33666666666666667,0.33666666666666667,0.6633333333333333,0.6633333333333333,0.6633333333333333,0.33666666666666667,0.33666666666666667,0.33666666666666667,False,True
openbookqa,3_param-default,0.7333333333333333,True,0.73,0.735,0.74,0.26,0.265,0.27,0.73,0.735,0.74,0.26,0.265,0.27,0.73,0.735,0.74,0.26,0.265,0.27,0.7633333333333333,0.7633333333333333,0.7633333333333333,0.23666666666666666,0.23666666666666666,0.23666666666666666,0.6433333333333333,0.6483333333333333,0.6533333333333333,0.3466666666666667,0.3516666666666667,0.3566666666666667,0.6433333333333333,0.6483333333333333,0.6533333333333333,0.3466666666666667,0.3516666666666667,0.3566666666666667,0.6433333333333333,0.6483333333333333,0.6533333333333333,0.3466666666666667,0.3516666666666667,0.3566666666666667,0.7066666666666667,0.7066666666666667,0.7066666666666667,0.29333333333333333,0.29333333333333333,0.29333333333333333,False,False
openbookqa,2_param-default,0.65,True,0.65,0.655,0.66,0.34,0.345,0.35,0.65,0.655,0.66,0.34,0.345,0.35,0.65,0.655,0.66,0.34,0.345,0.35,0.7,0.7,0.7,0.3,0.3,0.3,0.6433333333333333,0.6483333333333333,0.6533333333333333,0.3466666666666667,0.3516666666666667,0.3566666666666667,0.6433333333333333,0.6483333333333333,0.6533333333333333,0.3466666666666667,0.3516666666666667,0.3566666666666667,0.6433333333333333,0.6483333333333333,0.6533333333333333,0.3466666666666667,0.3516666666666667,0.3566666666666667,0.7066666666666667,0.7066666666666667,0.7066666666666667,0.29333333333333333,0.29333333333333333,0.29333333333333333,False,True
openbookqa,5_param-ai2,0.6966666666666668,False,0.2833333333333333,0.2833333333333333,0.2833333333333333,0.7166666666666667,0.7166666666666667,0.7166666666666667,0.6933333333333334,0.6983333333333334,0.7033333333333334,0.2966666666666667,0.3016666666666667,0.30666666666666664,0.6933333333333334,0.6983333333333334,0.7033333333333334,0.2966666666666667,0.3016666666666667,0.30666666666666664,0.7133333333333334,0.7133333333333334,0.7133333333333334,0.2866666666666667,0.2866666666666667,0.2866666666666667,0.27666666666666667,0.27666666666666667,0.27666666666666667,0.7233333333333334,0.7233333333333334,0.7233333333333334,0.6433333333333333,0.6483333333333333,0.6533333333333333,0.3466666666666667,0.3516666666666667,0.3566666666666667,0.6433333333333333,0.6483333333333333,0.6533333333333333,0.3466666666666667,0.3516666666666667,0.3566666666666667,0.7066666666666667,0.7066666666666667,0.7066666666666667,0.29333333333333333,0.29333333333333333,0.29333333333333333,False,False
openbookqa,3_param-1_step,0.7533333333333333,False,0.7366666666666667,0.7366666666666667,0.7366666666666667,0.2633333333333333,0.2633333333333333,0.2633333333333333,0.7366666666666667,0.7366666666666667,0.7366666666666667,0.2633333333333333,0.2633333333333333,0.2633333333333333,0.75,0.755,0.76,0.24,0.245,0.25,0.7833333333333333,0.7833333333333333,0.7833333333333333,0.21666666666666667,0.21666666666666667,0.21666666666666667,0.7366666666666667,0.7366666666666667,0.7366666666666667,0.2633333333333333,0.2633333333333333,0.2633333333333333,0.7366666666666667,0.7366666666666667,0.7366666666666667,0.2633333333333333,0.2633333333333333,0.2633333333333333,0.75,0.755,0.76,0.24,0.245,0.25,0.7833333333333333,0.7833333333333333,0.7833333333333333,0.21666666666666667,0.21666666666666667,0.21666666666666667,False,False
openbookqa,5_param-1_step-ai2,0.6366666666666667,False,0.6333333333333333,0.6333333333333333,0.6333333333333333,0.36666666666666664,0.36666666666666664,0.36666666666666664,0.6333333333333333,0.6333333333333333,0.6333333333333333,0.36666666666666664,0.36666666666666664,0.36666666666666664,0.6366666666666667,0.6416666666666667,0.6466666666666666,0.35333333333333333,0.35833333333333334,0.36333333333333334,0.6533333333333333,0.6533333333333333,0.6533333333333333,0.3466666666666667,0.3466666666666667,0.3466666666666667,0.6333333333333333,0.6333333333333333,0.6333333333333333,0.36666666666666664,0.36666666666666664,0.36666666666666664,0.6333333333333333,0.6333333333333333,0.6333333333333333,0.36666666666666664,0.36666666666666664,0.36666666666666664,0.6366666666666667,0.6416666666666667,0.6466666666666666,0.35333333333333333,0.35833333333333334,0.36333333333333334,0.6533333333333333,0.6533333333333333,0.6533333333333333,0.3466666666666667,0.3466666666666667,0.3466666666666667,False,True
openbookqa,3_param-default-helper_points,0.7466666666666667,True,0.74,0.745,0.75,0.25,0.255,0.26,0.74,0.745,0.75,0.25,0.255,0.26,0.74,0.745,0.75,0.25,0.255,0.26,0.77,0.77,0.77,0.23,0.23,0.23,0.72,0.725,0.73,0.27,0.275,0.28,0.72,0.725,0.73,0.27,0.275,0.28,0.72,0.725,0.73,0.27,0.275,0.28,0.76,0.76,0.76,0.24,0.24,0.24,False,False
openbookqa,3_param-default-step2=0.5,0.7366666666666667,True,0.7366666666666667,0.7416666666666667,0.7466666666666667,0.25333333333333335,0.25833333333333336,0.2633333333333333,0.7366666666666667,0.7416666666666667,0.7466666666666667,0.25333333333333335,0.25833333333333336,0.2633333333333333,0.7366666666666667,0.7416666666666667,0.7466666666666667,0.25333333333333335,0.25833333333333336,0.2633333333333333,0.7866666666666666,0.7866666666666666,0.7866666666666666,0.21333333333333335,0.21333333333333335,0.21333333333333335,0.6833333333333333,0.6883333333333334,0.6933333333333334,0.30666666666666664,0.31166666666666665,0.31666666666666665,0.6833333333333333,0.6883333333333334,0.6933333333333334,0.30666666666666664,0.31166666666666665,0.31666666666666665,0.6833333333333333,0.6883333333333334,0.6933333333333334,0.30666666666666664,0.31166666666666665,0.31666666666666665,0.7533333333333333,0.7533333333333333,0.7533333333333333,0.24666666666666667,0.24666666666666667,0.24666666666666667,False,True
openbookqa,3_param-default-helper_points-step2=0.5,0.73,True,0.7266666666666667,0.7316666666666667,0.7366666666666667,0.2633333333333333,0.2683333333333333,0.2733333333333333,0.7266666666666667,0.7316666666666667,0.7366666666666667,0.2633333333333333,0.2683333333333333,0.2733333333333333,0.7266666666666667,0.7316666666666667,0.7366666666666667,0.2633333333333333,0.2683333333333333,0.2733333333333333,0.7666666666666667,0.7666666666666667,0.7666666666666667,0.23333333333333334,0.23333333333333334,0.23333333333333334,0.6266666666666667,0.6316666666666667,0.6366666666666667,0.36333333333333334,0.36833333333333335,0.37333333333333335,0.6266666666666667,0.6316666666666667,0.6366666666666667,0.36333333333333334,0.36833333333333335,0.37333333333333335,0.6266666666666667,0.6316666666666667,0.6366666666666667,0.36333333333333334,0.36833333333333335,0.37333333333333335,0.7,0.7,0.7,0.3,0.3,0.3,False,False
piqa,5_param-ai2,0.6433333333333333,False,0.25666666666666665,0.25666666666666665,0.25666666666666665,0.7433333333333333,0.7433333333333333,0.7433333333333333,0.64,0.6433333333333333,0.6466666666666666,0.35333333333333333,0.3566666666666667,0.36,0.64,0.6433333333333333,0.6466666666666666,0.35333333333333333,0.3566666666666667,0.36,0.63,0.63,0.63,0.37,0.37,0.37,0.25,0.25,0.25,0.75,0.75,0.75,0.7066666666666667,0.71,0.7133333333333334,0.2866666666666667,0.29,0.29333333333333333,0.7066666666666667,0.71,0.7133333333333334,0.2866666666666667,0.29,0.29333333333333333,0.7166666666666667,0.7166666666666667,0.7166666666666667,0.2833333333333333,0.2833333333333333,0.2833333333333333,False,True
piqa,3_param-1_step,0.72,False,0.6966666666666667,0.7,0.7033333333333334,0.2966666666666667,0.3,0.30333333333333334,0.6966666666666667,0.7,0.7033333333333334,0.2966666666666667,0.3,0.30333333333333334,0.72,0.7233333333333334,0.7266666666666667,0.2733333333333333,0.27666666666666667,0.28,0.74,0.74,0.74,0.26,0.26,0.26,0.6966666666666667,0.7,0.7033333333333334,0.2966666666666667,0.3,0.30333333333333334,0.6966666666666667,0.7,0.7033333333333334,0.2966666666666667,0.3,0.30333333333333334,0.72,0.7233333333333334,0.7266666666666667,0.2733333333333333,0.27666666666666667,0.28,0.74,0.74,0.74,0.26,0.26,0.26,False,True
piqa,5_param-1_step-ai2,0.6366666666666667,False,0.66,0.6633333333333333,0.6666666666666666,0.3333333333333333,0.33666666666666667,0.34,0.66,0.6633333333333333,0.6666666666666666,0.3333333333333333,0.33666666666666667,0.34,0.6333333333333333,0.6366666666666667,0.64,0.36,0.36333333333333334,0.36666666666666664,0.6233333333333333,0.6233333333333333,0.6233333333333333,0.37666666666666665,0.37666666666666665,0.37666666666666665,0.66,0.6633333333333333,0.6666666666666666,0.3333333333333333,0.33666666666666667,0.34,0.66,0.6633333333333333,0.6666666666666666,0.3333333333333333,0.33666666666666667,0.34,0.6333333333333333,0.6366666666666667,0.64,0.36,0.36333333333333334,0.36666666666666664,0.6233333333333333,0.6233333333333333,0.6233333333333333,0.37666666666666665,0.37666666666666665,0.37666666666666665,False,True
socialiqa,3_param-default,0.57,True,0.5566666666666666,0.5633333333333334,0.57,0.43,0.43666666666666665,0.44333333333333336,0.5566666666666666,0.5633333333333334,0.57,0.43,0.43666666666666665,0.44333333333333336,0.5566666666666666,0.5633333333333334,0.57,0.43,0.43666666666666665,0.44333333333333336,0.67,0.67,0.67,0.33,0.33,0.33,0.68,0.6866666666666666,0.6933333333333334,0.30666666666666664,0.31333333333333335,0.32,0.68,0.6866666666666666,0.6933333333333334,0.30666666666666664,0.31333333333333335,0.32,0.68,0.6866666666666666,0.6933333333333334,0.30666666666666664,0.31333333333333335,0.32,0.75,0.75,0.75,0.25,0.25,0.25,False,True
socialiqa,2_param-default,0.62,True,0.61,0.6166666666666667,0.6233333333333333,0.37666666666666665,0.38333333333333336,0.39,0.61,0.6166666666666667,0.6233333333333333,0.37666666666666665,0.38333333333333336,0.39,0.61,0.6166666666666667,0.6233333333333333,0.37666666666666665,0.38333333333333336,0.39,0.7266666666666667,0.7266666666666667,0.7266666666666667,0.2733333333333333,0.2733333333333333,0.2733333333333333,0.68,0.6866666666666666,0.6933333333333334,0.30666666666666664,0.31333333333333335,0.32,0.68,0.6866666666666666,0.6933333333333334,0.30666666666666664,0.31333333333333335,0.32,0.68,0.6866666666666666,0.6933333333333334,0.30666666666666664,0.31333333333333335,0.32,0.75,0.75,0.75,0.25,0.25,0.25,False,False
socialiqa,5_param-ai2,0.5766666666666667,False,0.31333333333333335,0.31333333333333335,0.31333333333333335,0.6866666666666666,0.6866666666666666,0.6866666666666666,0.5633333333333334,0.57,0.5766666666666667,0.42333333333333334,0.43,0.43666666666666665,0.5633333333333334,0.57,0.5766666666666667,0.42333333333333334,0.43,0.43666666666666665,0.6833333333333333,0.6833333333333333,0.6833333333333333,0.31666666666666665,0.31666666666666665,0.31666666666666665,0.20666666666666667,0.20666666666666667,0.20666666666666667,0.7933333333333333,0.7933333333333333,0.7933333333333333,0.68,0.6866666666666666,0.6933333333333334,0.30666666666666664,0.31333333333333335,0.32,0.68,0.6866666666666666,0.6933333333333334,0.30666666666666664,0.31333333333333335,0.32,0.75,0.75,0.75,0.25,0.25,0.25,False,True
socialiqa,3_param-1_step,0.7733333333333333,False,0.7566666666666667,0.7583333333333333,0.76,0.24,0.24166666666666667,0.24333333333333335,0.7566666666666667,0.7583333333333333,0.76,0.24,0.24166666666666667,0.24333333333333335,0.7633333333333333,0.77,0.7766666666666666,0.22333333333333333,0.23,0.23666666666666666,0.7933333333333333,0.7933333333333333,0.7933333333333333,0.20666666666666667,0.20666666666666667,0.20666666666666667,0.7566666666666667,0.7583333333333333,0.76,0.24,0.24166666666666667,0.24333333333333335,0.7566666666666667,0.7583333333333333,0.76,0.24,0.24166666666666667,0.24333333333333335,0.7633333333333333,0.77,0.7766666666666666,0.22333333333333333,0.23,0.23666666666666666,0.7933333333333333,0.7933333333333333,0.7933333333333333,0.20666666666666667,0.20666666666666667,0.20666666666666667,False,False
socialiqa,5_param-1_step-ai2,0.5166666666666667,False,0.5066666666666667,0.5083333333333333,0.51,0.49,0.49166666666666664,0.49333333333333335,0.5066666666666667,0.5083333333333333,0.51,0.49,0.49166666666666664,0.49333333333333335,0.5033333333333333,0.51,0.5166666666666667,0.48333333333333334,0.49,0.49666666666666665,0.6233333333333333,0.6233333333333333,0.6233333333333333,0.37666666666666665,0.37666666666666665,0.37666666666666665,0.5066666666666667,0.5083333333333333,0.51,0.49,0.49166666666666664,0.49333333333333335,0.5066666666666667,0.5083333333333333,0.51,0.49,0.49166666666666664,0.49333333333333335,0.5033333333333333,0.51,0.5166666666666667,0.48333333333333334,0.49,0.49666666666666665,0.6233333333333333,0.6233333333333333,0.6233333333333333,0.37666666666666665,0.37666666666666665,0.37666666666666665,False,True
socialiqa,3_param-default-helper_points,0.5933333333333334,True,0.58,0.5866666666666667,0.5933333333333334,0.4066666666666667,0.41333333333333333,0.42,0.58,0.5866666666666667,0.5933333333333334,0.4066666666666667,0.41333333333333333,0.42,0.58,0.5866666666666667,0.5933333333333334,0.4066666666666667,0.41333333333333333,0.42,0.7066666666666667,0.7066666666666667,0.7066666666666667,0.29333333333333333,0.29333333333333333,0.29333333333333333,0.73,0.7366666666666667,0.7433333333333333,0.25666666666666665,0.2633333333333333,0.27,0.73,0.7366666666666667,0.7433333333333333,0.25666666666666665,0.2633333333333333,0.27,0.73,0.7366666666666667,0.7433333333333333,0.25666666666666665,0.2633333333333333,0.27,0.77,0.77,0.77,0.23,0.23,0.23,False,True
socialiqa,3_param-default-step2=0.5,0.6333333333333333,True,0.62,0.6266666666666667,0.6333333333333333,0.36666666666666664,0.37333333333333335,0.38,0.62,0.6266666666666667,0.6333333333333333,0.36666666666666664,0.37333333333333335,0.38,0.62,0.6266666666666667,0.6333333333333333,0.36666666666666664,0.37333333333333335,0.38,0.7,0.7,0.7,0.3,0.3,0.3,0.6833333333333333,0.69,0.6966666666666667,0.30333333333333334,0.31,0.31666666666666665,0.6833333333333333,0.69,0.6966666666666667,0.30333333333333334,0.31,0.31666666666666665,0.6833333333333333,0.69,0.6966666666666667,0.30333333333333334,0.31,0.31666666666666665,0.7066666666666667,0.7066666666666667,0.7066666666666667,0.29333333333333333,0.29333333333333333,0.29333333333333333,False,True
socialiqa,3_param-default-helper_points-step2=0.5,0.56,True,0.5466666666666666,0.5533333333333333,0.56,0.44,0.44666666666666666,0.4533333333333333,0.5466666666666666,0.5533333333333333,0.56,0.44,0.44666666666666666,0.4533333333333333,0.5466666666666666,0.5533333333333333,0.56,0.44,0.44666666666666666,0.4533333333333333,0.6533333333333333,0.6533333333333333,0.6533333333333333,0.3466666666666667,0.3466666666666667,0.3466666666666667,0.7266666666666667,0.7333333333333333,0.74,0.26,0.26666666666666666,0.2733333333333333,0.7266666666666667,0.7333333333333333,0.74,0.26,0.26666666666666666,0.2733333333333333,0.7266666666666667,0.7333333333333333,0.74,0.26,0.26666666666666666,0.2733333333333333,0.7666666666666667,0.7666666666666667,0.7666666666666667,0.23333333333333334,0.23333333333333334,0.23333333333333334,False,True
winogrande,3_param-default,0.67,True,0.66,0.665,0.67,0.33,0.335,0.34,0.66,0.665,0.67,0.33,0.335,0.34,0.66,0.665,0.67,0.33,0.335,0.34,0.7266666666666667,0.7266666666666667,0.7266666666666667,0.2733333333333333,0.2733333333333333,0.2733333333333333,0.6033333333333334,0.6083333333333333,0.6133333333333333,0.38666666666666666,0.39166666666666666,0.39666666666666667,0.6033333333333334,0.6083333333333333,0.6133333333333333,0.38666666666666666,0.39166666666666666,0.39666666666666667,0.6033333333333334,0.6083333333333333,0.6133333333333333,0.38666666666666666,0.39166666666666666,0.39666666666666667,0.6766666666666666,0.6766666666666666,0.6766666666666666,0.3233333333333333,0.3233333333333333,0.3233333333333333,False,True
winogrande,2_param-default,0.6133333333333333,True,0.6033333333333334,0.6083333333333333,0.6133333333333333,0.38666666666666666,0.39166666666666666,0.39666666666666667,0.6033333333333334,0.6083333333333333,0.6133333333333333,0.38666666666666666,0.39166666666666666,0.39666666666666667,0.6033333333333334,0.6083333333333333,0.6133333333333333,0.38666666666666666,0.39166666666666666,0.39666666666666667,0.6633333333333333,0.6633333333333333,0.6633333333333333,0.33666666666666667,0.33666666666666667,0.33666666666666667,0.6033333333333334,0.6083333333333333,0.6133333333333333,0.38666666666666666,0.39166666666666666,0.39666666666666667,0.6033333333333334,0.6083333333333333,0.6133333333333333,0.38666666666666666,0.39166666666666666,0.39666666666666667,0.6033333333333334,0.6083333333333333,0.6133333333333333,0.38666666666666666,0.39166666666666666,0.39666666666666667,0.6766666666666666,0.6766666666666666,0.6766666666666666,0.3233333333333333,0.3233333333333333,0.3233333333333333,False,True
winogrande,5_param-ai2,0.65,False,0.43666666666666665,0.43666666666666665,0.43666666666666665,0.5633333333333334,0.5633333333333334,0.5633333333333334,0.64,0.645,0.65,0.35,0.355,0.36,0.64,0.645,0.65,0.35,0.355,0.36,0.6933333333333334,0.6933333333333334,0.6933333333333334,0.30666666666666664,0.30666666666666664,0.30666666666666664,0.46,0.46,0.46,0.54,0.54,0.54,0.6033333333333334,0.6083333333333333,0.6133333333333333,0.38666666666666666,0.39166666666666666,0.39666666666666667,0.6033333333333334,0.6083333333333333,0.6133333333333333,0.38666666666666666,0.39166666666666666,0.39666666666666667,0.6766666666666666,0.6766666666666666,0.6766666666666666,0.3233333333333333,0.3233333333333333,0.3233333333333333,False,True
winogrande,3_param-1_step,0.6066666666666667,False,0.61,0.6133333333333333,0.6166666666666667,0.38333333333333336,0.38666666666666666,0.39,0.61,0.6133333333333333,0.6166666666666667,0.38333333333333336,0.38666666666666666,0.39,0.6,0.605,0.61,0.39,0.395,0.4,0.6766666666666666,0.6766666666666666,0.6766666666666666,0.3233333333333333,0.3233333333333333,0.3233333333333333,0.61,0.6133333333333333,0.6166666666666667,0.38333333333333336,0.38666666666666666,0.39,0.61,0.6133333333333333,0.6166666666666667,0.38333333333333336,0.38666666666666666,0.39,0.6,0.605,0.61,0.39,0.395,0.4,0.6766666666666666,0.6766666666666666,0.6766666666666666,0.3233333333333333,0.3233333333333333,0.3233333333333333,False,False
winogrande,5_param-1_step-ai2,0.5966666666666667,False,0.62,0.6233333333333333,0.6266666666666667,0.37333333333333335,0.37666666666666665,0.38,0.62,0.6233333333333333,0.6266666666666667,0.37333333333333335,0.37666666666666665,0.38,0.5866666666666667,0.5916666666666667,0.5966666666666667,0.4033333333333333,0.4083333333333333,0.41333333333333333,0.5933333333333334,0.5933333333333334,0.5933333333333334,0.4066666666666667,0.4066666666666667,0.4066666666666667,0.62,0.6233333333333333,0.6266666666666667,0.37333333333333335,0.37666666666666665,0.38,0.62,0.6233333333333333,0.6266666666666667,0.37333333333333335,0.37666666666666665,0.38,0.5866666666666667,0.5916666666666667,0.5966666666666667,0.4033333333333333,0.4083333333333333,0.41333333333333333,0.5933333333333334,0.5933333333333334,0.5933333333333334,0.4066666666666667,0.4066666666666667,0.4066666666666667,False,True
winogrande,3_param-default-helper_points,0.6666666666666665,True,0.6566666666666666,0.6616666666666666,0.6666666666666666,0.3333333333333333,0.3383333333333333,0.3433333333333333,0.6566666666666666,0.6616666666666666,0.6666666666666666,0.3333333333333333,0.3383333333333333,0.3433333333333333,0.6566666666666666,0.6616666666666666,0.6666666666666666,0.3333333333333333,0.3383333333333333,0.3433333333333333,0.67,0.67,0.67,0.33,0.33,0.33,0.69,0.695,0.7,0.3,0.305,0.31,0.69,0.695,0.7,0.3,0.305,0.31,0.69,0.695,0.7,0.3,0.305,0.31,0.7566666666666667,0.7566666666666667,0.7566666666666667,0.24333333333333335,0.24333333333333335,0.24333333333333335,False,True
winogrande,3_param-default-step2=0.5,0.64,True,0.63,0.635,0.64,0.36,0.365,0.37,0.63,0.635,0.64,0.36,0.365,0.37,0.63,0.635,0.64,0.36,0.365,0.37,0.69,0.69,0.69,0.31,0.31,0.31,0.5866666666666667,0.5916666666666667,0.5966666666666667,0.4033333333333333,0.4083333333333333,0.41333333333333333,0.5866666666666667,0.5916666666666667,0.5966666666666667,0.4033333333333333,0.4083333333333333,0.41333333333333333,0.5866666666666667,0.5916666666666667,0.5966666666666667,0.4033333333333333,0.4083333333333333,0.41333333333333333,0.6866666666666666,0.6866666666666666,0.6866666666666666,0.31333333333333335,0.31333333333333335,0.31333333333333335,False,True
winogrande,3_param-default-helper_points-step2=0.5,0.6733333333333333,True,0.6666666666666666,0.6716666666666666,0.6766666666666666,0.3233333333333333,0.3283333333333333,0.3333333333333333,0.6666666666666666,0.6716666666666666,0.6766666666666666,0.3233333333333333,0.3283333333333333,0.3333333333333333,0.6666666666666666,0.6716666666666666,0.6766666666666666,0.3233333333333333,0.3283333333333333,0.3333333333333333,0.6833333333333333,0.6833333333333333,0.6833333333333333,0.31666666666666665,0.31666666666666665,0.31666666666666665,0.6933333333333334,0.6983333333333334,0.7033333333333334,0.2966666666666667,0.3016666666666667,0.30666666666666664,0.6933333333333334,0.6983333333333334,0.7033333333333334,0.2966666666666667,0.3016666666666667,0.30666666666666664,0.6933333333333334,0.6983333333333334,0.7033333333333334,0.2966666666666667,0.3016666666666667,0.30666666666666664,0.76,0.76,0.76,0.24,0.24,0.24,False,False
