task,mix,data,one_b_step,stacked_y,one_b_default_seed,one_b_three_seed_mean,stacked_y_minus_default_seed,stacked_y_minus_three_seed_mean
arc_challenge,DCLM-baseline,DCLM-Baseline,69369,0.4112627986348123,0.4112627986348123,0.4249146757679181,0.0,-0.013651877133105783
arc_challenge,c4,C4,69369,0.378839590443686,0.378839590443686,0.3774175199089875,0.0,0.0014220705346985052
arc_challenge,dclm_ft7percentile_fw2,"DCLM-Baseline (QC 7%, FW2)",69369,0.4786689419795222,0.4786689419795222,0.49061433447098973,0.0,-0.011945392491467532
arc_challenge,dclm_ft7percentile_fw3,"DCLM-Baseline (QC 7%, FW3)",69369,0.5034129692832765,0.5034129692832765,0.5005688282138795,0.0,0.0028441410693970104
arc_challenge,dclm_fw_top10,DCLM-Baseline (QC FW 10%),69369,0.4803754266211604,0.4803754266211604,0.48890784982935154,0.0,-0.008532423208191142
arc_challenge,dclm_fw_top3,DCLM-Baseline (QC FW 3%),69369,0.4829351535836177,0.48293515358361777,0.4843572241183163,-5.551115123125783e-17,-0.0014220705346985607
arc_challenge,dolma-v1-6-and-sources-baseline,Dolma1.6++,69369,0.363481228668942,0.363481228668942,0.35978384527872587,0.0,0.0036973833902161357
arc_challenge,dolma17,Dolma1.7,69369,0.371160409556314,0.371160409556314,0.36518771331058025,0.0,0.005972696245733766
arc_challenge,dolma17-25p-DCLM-baseline-75p,DCLM-Baseline 75% / Dolma 25%,69369,0.4223549488054607,0.42235494880546076,0.4286120591581342,-5.551115123125783e-17,-0.006257110352673512
arc_challenge,dolma17-50p-DCLM-baseline-50p,DCLM-Baseline 50% / Dolma 50%,69369,0.4035836177474403,0.4035836177474403,0.4035836177474403,0.0,0.0
arc_challenge,dolma17-75p-DCLM-baseline-25p,DCLM-Baseline 25% / Dolma 75%,69369,0.3796928327645051,0.3796928327645051,0.38566552901023887,0.0,-0.005972696245733766
arc_challenge,falcon,Falcon,69369,0.3720136518771331,0.3720136518771331,0.3845278725824801,0.0,-0.012514220705347023
arc_challenge,falcon_and_cc,Falcon+CC,69369,0.3805460750853242,0.38054607508532423,0.3802616609783845,-5.551115123125783e-17,0.00028441410693968994
arc_challenge,falcon_and_cc_eli5_oh_top10p,Falcon+CC (QC 10%),69369,0.4334470989761092,0.4334470989761092,0.44738339021615475,0.0,-0.013936291240045529
arc_challenge,falcon_and_cc_eli5_oh_top20p,Falcon+CC (QC 20%),69369,0.4146757679180887,0.41467576791808874,0.4195108077360637,-5.551115123125783e-17,-0.0048350398179750065
arc_challenge,falcon_and_cc_og_eli5_oh_top10p,Falcon+CC (QC Orig 10%),69369,0.4462457337883959,0.4462457337883959,0.4399886234357224,0.0,0.006257110352673456
arc_challenge,falcon_and_cc_tulu_qc_top10,Falcon+CC (QC Tulu 10%),69369,0.417235494880546,0.41723549488054607,0.4186575654152446,-5.551115123125783e-17,-0.0014220705346986162
arc_challenge,fineweb_edu_dedup,FineWeb-Edu,69369,0.4735494880546075,0.4735494880546075,0.46530147895335605,0.0,0.008248009101251452
arc_challenge,no_code,Dolma1.7 (no code),69369,0.3506825938566553,0.3506825938566553,0.36035267349260525,0.0,-0.009670079635949957
arc_challenge,no_flan,Dolma1.7 (no Flan),69369,0.3626279863481229,0.3626279863481229,0.36831626848691695,0.0,-0.005688282138794076
arc_challenge,no_math_no_code,"Dolma1.7 (no math, code)",69369,0.3592150170648464,0.35921501706484643,0.3640500568828214,-5.551115123125783e-17,-0.0048350398179750065
arc_challenge,no_reddit,Dolma1.7 (no Reddit),69369,0.371160409556314,0.371160409556314,0.36547212741751994,0.0,0.005688282138794076
arc_challenge,pos_eli5_oh_neg_dclm_refinedweb_steps_2000_lr3e4_top10p,DCLM-Baseline (QC 10%),69369,0.4650170648464163,0.46501706484641636,0.46700796359499436,-5.551115123125783e-17,-0.0019908987485780516
arc_challenge,pos_eli5_oh_neg_dclm_refinedweb_steps_2000_lr3e4_top20p,DCLM-Baseline (QC 20%),69369,0.4735494880546075,0.4735494880546075,0.4644482366325369,0.0,0.009101251422070578
arc_challenge,prox_fineweb_pro,FineWeb-Pro,69369,0.4334470989761092,0.4334470989761092,0.4388509670079636,0.0,-0.005403868031854386
arc_easy,DCLM-baseline,DCLM-Baseline,69369,0.7066498316498316,0.7066498316498316,0.7153479236812569,0.0,-0.008698092031425242
arc_easy,c4,C4,69369,0.6481481481481481,0.6481481481481481,0.6461840628507295,0.0,0.0019640852974186496
arc_easy,dclm_ft7percentile_fw2,"DCLM-Baseline (QC 7%, FW2)",69369,0.7706228956228957,0.7706228956228957,0.774270482603816,0.0,-0.003647586980920381
arc_easy,dclm_ft7percentile_fw3,"DCLM-Baseline (QC 7%, FW3)",69369,0.7908249158249159,0.7908249158249159,0.7974186307519641,0.0,-0.006593714927048189
arc_easy,dclm_fw_top10,DCLM-Baseline (QC FW 10%),69369,0.7849326599326599,0.7849326599326599,0.7846520763187429,0.0,0.00028058361391702924
arc_easy,dclm_fw_top3,DCLM-Baseline (QC FW 3%),69369,0.7727272727272727,0.7727272727272727,0.7714646464646465,0.0,0.0012626262626261875
arc_easy,dolma-v1-6-and-sources-baseline,Dolma1.6++,69369,0.6035353535353535,0.6035353535353535,0.6022727272727272,0.0,0.0012626262626262985
arc_easy,dolma17,Dolma1.7,69369,0.5606060606060606,0.5606060606060606,0.5855780022446689,0.0,-0.024971941638608386
arc_easy,dolma17-25p-DCLM-baseline-75p,DCLM-Baseline 75% / Dolma 25%,69369,0.6936026936026936,0.6936026936026936,0.7006172839506174,0.0,-0.007014590347923844
arc_easy,dolma17-50p-DCLM-baseline-50p,DCLM-Baseline 50% / Dolma 50%,69369,0.6965488215488216,0.6965488215488216,0.6979517396184063,0.0,-0.0014029180695847021
arc_easy,dolma17-75p-DCLM-baseline-25p,DCLM-Baseline 25% / Dolma 75%,69369,0.6839225589225589,0.6839225589225589,0.6811167227833894,0.0,0.0028058361391695152
arc_easy,falcon,Falcon,69369,0.6607744107744108,0.6607744107744108,0.6703142536475869,0.0,-0.009539842873176108
arc_easy,falcon_and_cc,Falcon+CC,69369,0.6675084175084175,0.6675084175084175,0.6665263748597082,0.0,0.0009820426487092693
arc_easy,falcon_and_cc_eli5_oh_top10p,Falcon+CC (QC 10%),69369,0.7361111111111112,0.7361111111111112,0.7335858585858586,0.0,0.002525252525252597
arc_easy,falcon_and_cc_eli5_oh_top20p,Falcon+CC (QC 20%),69369,0.6999158249158249,0.6999158249158249,0.7076318742985409,0.0,-0.007716049382715973
arc_easy,falcon_and_cc_og_eli5_oh_top10p,Falcon+CC (QC Orig 10%),69369,0.7356902356902357,0.7356902356902357,0.7358305274971942,0.0,-0.00014029180695851462
arc_easy,falcon_and_cc_tulu_qc_top10,Falcon+CC (QC Tulu 10%),69369,0.718013468013468,0.718013468013468,0.7237654320987654,0.0,-0.005751964085297434
arc_easy,fineweb_edu_dedup,FineWeb-Edu,69369,0.7432659932659933,0.7432659932659933,0.7408810325476992,0.0,0.0023849607182940824
arc_easy,no_code,Dolma1.7 (no code),69369,0.6043771043771043,0.6043771043771043,0.6092873176206509,0.0,-0.004910213243546568
arc_easy,no_flan,Dolma1.7 (no Flan),69369,0.6637205387205387,0.6637205387205387,0.6536195286195287,0.0,0.010101010101010055
arc_easy,no_math_no_code,"Dolma1.7 (no math, code)",69369,0.5909090909090909,0.5909090909090909,0.6069023569023569,0.0,-0.015993265993266004
arc_easy,no_reddit,Dolma1.7 (no Reddit),69369,0.6233164983164983,0.6233164983164983,0.5982042648709315,0.0,0.02511223344556679
arc_easy,pos_eli5_oh_neg_dclm_refinedweb_steps_2000_lr3e4_top10p,DCLM-Baseline (QC 10%),69369,0.7474747474747475,0.7474747474747475,0.742845117845118,0.0,0.004629629629629539
arc_easy,pos_eli5_oh_neg_dclm_refinedweb_steps_2000_lr3e4_top20p,DCLM-Baseline (QC 20%),69369,0.7537878787878788,0.7537878787878788,0.7477553310886643,0.0,0.006032547699214463
arc_easy,prox_fineweb_pro,FineWeb-Pro,69369,0.7205387205387206,0.7205387205387206,0.7240460157126823,0.0,-0.0035072951739617553
boolq,DCLM-baseline,DCLM-Baseline,69369,0.6486238532110091,0.6486238532110091,0.6598369011213048,0.0,-0.011213047910295648
boolq,c4,C4,69369,0.6504587155963303,0.6504587155963303,0.6584097859327217,0.0,-0.00795107033639142
boolq,dclm_ft7percentile_fw2,"DCLM-Baseline (QC 7%, FW2)",69369,0.6770642201834862,0.6770642201834862,0.6559633027522936,0.0,0.02110091743119258
boolq,dclm_ft7percentile_fw3,"DCLM-Baseline (QC 7%, FW3)",69369,0.6376146788990825,0.6376146788990825,0.6261977573904179,0.0,0.01141692150866458
boolq,dclm_fw_top10,DCLM-Baseline (QC FW 10%),69369,0.6345565749235474,0.6345565749235474,0.6431192660550459,0.0,-0.008562691131498434
boolq,dclm_fw_top3,DCLM-Baseline (QC FW 3%),69369,0.6045871559633027,0.6045871559633027,0.5969418960244649,0.0,0.007645259938837801
boolq,dolma-v1-6-and-sources-baseline,Dolma1.6++,69369,0.4636085626911315,0.4636085626911315,0.45453618756371056,0.0,0.009072375127420929
boolq,dolma17,Dolma1.7,69369,0.6217125382262997,0.6217125382262997,0.5767584097859327,0.0,0.04495412844036695
boolq,dolma17-25p-DCLM-baseline-75p,DCLM-Baseline 75% / Dolma 25%,69369,0.4700305810397553,0.47003058103975537,0.5827726809378185,-5.551115123125783e-17,-0.11274209989806322
boolq,dolma17-50p-DCLM-baseline-50p,DCLM-Baseline 50% / Dolma 50%,69369,0.5785932721712538,0.5785932721712538,0.5674821610601427,0.0,0.011111111111111072
boolq,dolma17-75p-DCLM-baseline-25p,DCLM-Baseline 25% / Dolma 75%,69369,0.6577981651376147,0.6577981651376147,0.6376146788990825,0.0,0.020183486238532167
boolq,falcon,Falcon,69369,0.6180428134556575,0.6180428134556575,0.6004077471967381,0.0,0.01763506625891942
boolq,falcon_and_cc,Falcon+CC,69369,0.6403669724770642,0.6403669724770642,0.616717635066259,0.0,0.023649337410805216
boolq,falcon_and_cc_eli5_oh_top10p,Falcon+CC (QC 10%),69369,0.6510703363914373,0.6510703363914373,0.6469928644240571,0.0,0.004077471967380175
boolq,falcon_and_cc_eli5_oh_top20p,Falcon+CC (QC 20%),69369,0.6278287461773701,0.6278287461773701,0.6497451580020387,0.0,-0.021916411824668636
boolq,falcon_and_cc_og_eli5_oh_top10p,Falcon+CC (QC Orig 10%),69369,0.6847094801223241,0.6847094801223241,0.6649337410805302,0.0,0.01977573904179397
boolq,falcon_and_cc_tulu_qc_top10,Falcon+CC (QC Tulu 10%),69369,0.6648318042813456,0.6648318042813456,0.6462793068297655,0.0,0.018552497451580052
boolq,fineweb_edu_dedup,FineWeb-Edu,69369,0.6501529051987768,0.6501529051987768,0.6117227319062182,0.0,0.0384301732925586
boolq,no_code,Dolma1.7 (no code),69369,0.6513761467889908,0.6513761467889908,0.6507645259938838,0.0,0.0006116207951070152
boolq,no_flan,Dolma1.7 (no Flan),69369,0.6281345565749236,0.6281345565749236,0.628236493374108,0.0,-0.00010193679918446552
boolq,no_math_no_code,"Dolma1.7 (no math, code)",69369,0.5492354740061162,0.5492354740061162,0.609887869520897,0.0,-0.060652395514780855
boolq,no_reddit,Dolma1.7 (no Reddit),69369,0.65565749235474,0.65565749235474,0.6487257900101936,0.0,0.006931702344546431
boolq,pos_eli5_oh_neg_dclm_refinedweb_steps_2000_lr3e4_top10p,DCLM-Baseline (QC 10%),69369,0.6743119266055045,0.6743119266055045,0.6544342507645259,0.0,0.01987767584097866
boolq,pos_eli5_oh_neg_dclm_refinedweb_steps_2000_lr3e4_top20p,DCLM-Baseline (QC 20%),69369,0.6403669724770642,0.6403669724770642,0.6551478083588176,0.0,-0.014780835881753385
boolq,prox_fineweb_pro,FineWeb-Pro,69369,0.6091743119266055,0.6091743119266055,0.6339449541284403,0.0,-0.02477064220183478
csqa,DCLM-baseline,DCLM-Baseline,69369,0.6437346437346437,0.6437346437346437,0.659022659022659,0.0,-0.015288015288015266
csqa,c4,C4,69369,0.5986895986895987,0.5986895986895987,0.598962598962599,0.0,-0.00027300027300025675
csqa,dclm_ft7percentile_fw2,"DCLM-Baseline (QC 7%, FW2)",69369,0.6445536445536445,0.6445536445536445,0.6513786513786514,0.0,-0.006825006825006863
csqa,dclm_ft7percentile_fw3,"DCLM-Baseline (QC 7%, FW3)",69369,0.6068796068796068,0.6068796068796068,0.6068796068796068,0.0,0.0
csqa,dclm_fw_top10,DCLM-Baseline (QC FW 10%),69369,0.6543816543816544,0.6543816543816544,0.638001638001638,0.0,0.016380016380016404
csqa,dclm_fw_top3,DCLM-Baseline (QC FW 3%),69369,0.5536445536445537,0.5536445536445537,0.5533715533715534,0.0,0.00027300027300025675
csqa,dolma-v1-6-and-sources-baseline,Dolma1.6++,69369,0.5888615888615889,0.5888615888615889,0.5825825825825826,0.0,0.0062790062790063494
csqa,dolma17,Dolma1.7,69369,0.6109746109746109,0.6109746109746109,0.6003276003276002,0.0,0.01064701064701068
csqa,dolma17-25p-DCLM-baseline-75p,DCLM-Baseline 75% / Dolma 25%,69369,0.5913185913185913,0.5913185913185913,0.6279006279006278,0.0,-0.036582036582036515
csqa,dolma17-50p-DCLM-baseline-50p,DCLM-Baseline 50% / Dolma 50%,69369,0.6445536445536445,0.6445536445536445,0.6377286377286376,0.0,0.006825006825006863
csqa,dolma17-75p-DCLM-baseline-25p,DCLM-Baseline 25% / Dolma 75%,69369,0.6388206388206388,0.6388206388206388,0.6339066339066339,0.0,0.004914004914004844
csqa,falcon,Falcon,69369,0.6248976248976249,0.6248976248976249,0.6415506415506416,0.0,-0.01665301665301666
csqa,falcon_and_cc,Falcon+CC,69369,0.6134316134316135,0.6134316134316135,0.6248976248976249,0.0,-0.01146601146601145
csqa,falcon_and_cc_eli5_oh_top10p,Falcon+CC (QC 10%),69369,0.6699426699426699,0.6699426699426699,0.6644826644826645,0.0,0.005460005460005468
csqa,falcon_and_cc_eli5_oh_top20p,Falcon+CC (QC 20%),69369,0.6396396396396397,0.6396396396396397,0.65001365001365,0.0,-0.010374010374010312
csqa,falcon_and_cc_og_eli5_oh_top10p,Falcon+CC (QC Orig 10%),69369,0.6674856674856675,0.6674856674856675,0.6713076713076713,0.0,-0.0038220038220038166
csqa,falcon_and_cc_tulu_qc_top10,Falcon+CC (QC Tulu 10%),69369,0.6511056511056511,0.6511056511056511,0.6491946491946492,0.0,0.0019110019110019083
csqa,fineweb_edu_dedup,FineWeb-Edu,69369,0.6142506142506142,0.6142506142506142,0.6126126126126126,0.0,0.0016380016380016515
csqa,no_code,Dolma1.7 (no code),69369,0.5733005733005733,0.5733005733005733,0.6060606060606061,0.0,-0.03276003276003281
csqa,no_flan,Dolma1.7 (no Flan),69369,0.6052416052416052,0.6052416052416052,0.6117936117936118,0.0,-0.006552006552006606
csqa,no_math_no_code,"Dolma1.7 (no math, code)",69369,0.61998361998362,0.61998361998362,0.6227136227136226,0.0,-0.0027300027300026786
csqa,no_reddit,Dolma1.7 (no Reddit),69369,0.5945945945945946,0.5945945945945946,0.5896805896805897,0.0,0.004914004914004955
csqa,pos_eli5_oh_neg_dclm_refinedweb_steps_2000_lr3e4_top10p,DCLM-Baseline (QC 10%),69369,0.6420966420966421,0.6420966420966421,0.65001365001365,0.0,-0.00791700791700789
csqa,pos_eli5_oh_neg_dclm_refinedweb_steps_2000_lr3e4_top20p,DCLM-Baseline (QC 20%),69369,0.6543816543816544,0.6543816543816544,0.6576576576576577,0.0,-0.003276003276003303
csqa,prox_fineweb_pro,FineWeb-Pro,69369,0.6183456183456183,0.6183456183456183,0.6251706251706252,0.0,-0.006825006825006863
hellaswag,DCLM-baseline,DCLM-Baseline,69369,0.6315475004979088,0.6315475004979088,0.6316470822545309,0.0,-9.958175662216906e-05
hellaswag,c4,C4,69369,0.5958972316271659,0.5958972316271659,0.5987187147314612,0.0,-0.002821483104295308
hellaswag,dclm_ft7percentile_fw2,"DCLM-Baseline (QC 7%, FW2)",69369,0.6099382593108943,0.6099382593108943,0.6077806545840801,0.0,0.002157604726814144
hellaswag,dclm_ft7percentile_fw3,"DCLM-Baseline (QC 7%, FW3)",69369,0.5397331208922526,0.5397331208922526,0.5419571134568147,0.0,-0.0022239925645621827
hellaswag,dclm_fw_top10,DCLM-Baseline (QC FW 10%),69369,0.5795658235411273,0.5795658235411273,0.5754829715196176,0.0,0.004082852021509709
hellaswag,dclm_fw_top3,DCLM-Baseline (QC FW 3%),69369,0.4934276040629357,0.4934276040629357,0.4889464250149373,0.0,0.004481179047998385
hellaswag,dolma-v1-6-and-sources-baseline,Dolma1.6++,69369,0.5857398924517029,0.5857398924517029,0.5879638850162651,0.0,-0.0022239925645621827
hellaswag,dolma17,Dolma1.7,69369,0.5960963951404102,0.5960963951404102,0.5989510721635797,0.0,-0.0028546770231694385
hellaswag,dolma17-25p-DCLM-baseline-75p,DCLM-Baseline 75% / Dolma 25%,69369,0.6308504282015535,0.6308504282015535,0.630020580229702,0.0,0.0008298479718514828
hellaswag,dolma17-50p-DCLM-baseline-50p,DCLM-Baseline 50% / Dolma 50%,69369,0.6266679944234216,0.6266679944234216,0.6285268538803691,0.0,-0.0018588594569475259
hellaswag,dolma17-75p-DCLM-baseline-25p,DCLM-Baseline 25% / Dolma 75%,69369,0.6213901613224457,0.6213901613224457,0.6196308836221204,0.0,0.0017592777003253568
hellaswag,falcon,Falcon,69369,0.6104361680940051,0.6104361680940051,0.6143862444400185,0.0,-0.003950076346013409
hellaswag,falcon_and_cc,Falcon+CC,69369,0.6187014538936467,0.6187014538936467,0.6200292106486093,0.0,-0.0013277567549625502
hellaswag,falcon_and_cc_eli5_oh_top10p,Falcon+CC (QC 10%),69369,0.6371240788687512,0.6371240788687512,0.6376219876518622,0.0,-0.0004979087831109563
hellaswag,falcon_and_cc_eli5_oh_top20p,Falcon+CC (QC 20%),69369,0.6440948018323043,0.6440948018323043,0.6468167031799774,0.0,-0.002721901347673139
hellaswag,falcon_and_cc_og_eli5_oh_top10p,Falcon+CC (QC Orig 10%),69369,0.6341366261700856,0.6341366261700856,0.6347673106286927,0.0,-0.0006306844586071447
hellaswag,falcon_and_cc_tulu_qc_top10,Falcon+CC (QC Tulu 10%),69369,0.6097390957976498,0.6097390957976498,0.6066852552612362,0.0,0.0030538405364136656
hellaswag,fineweb_edu_dedup,FineWeb-Edu,69369,0.5952001593308106,0.5952001593308106,0.594370311358959,0.0,0.0008298479718515939
hellaswag,no_code,Dolma1.7 (no code),69369,0.6176060545708026,0.6176060545708026,0.6186018721370244,0.0,-0.0009958175662218016
hellaswag,no_flan,Dolma1.7 (no Flan),69369,0.594901414060944,0.594901414060944,0.5970590187877581,0.0,-0.002157604726814144
hellaswag,no_math_no_code,"Dolma1.7 (no math, code)",69369,0.6207926707827126,0.6207926707827126,0.6212573856469494,0.0,-0.00046471486423682595
hellaswag,no_reddit,Dolma1.7 (no Reddit),69369,0.6024696275642303,0.6024696275642303,0.6014074221602602,0.0,0.0010622054039700624
hellaswag,pos_eli5_oh_neg_dclm_refinedweb_steps_2000_lr3e4_top10p,DCLM-Baseline (QC 10%),69369,0.6131248755228043,0.6131248755228043,0.6102701984996348,0.0,0.0028546770231694385
hellaswag,pos_eli5_oh_neg_dclm_refinedweb_steps_2000_lr3e4_top20p,DCLM-Baseline (QC 20%),69369,0.6264688309101772,0.6264688309101772,0.6243444201022372,0.0,0.0021244108079400137
hellaswag,prox_fineweb_pro,FineWeb-Pro,69369,0.632742481577375,0.632742481577375,0.6330080329283675,0.0,-0.00026555135099248783
mmlu,DCLM-baseline,DCLM-Baseline,69369,0.3285148542392845,0.32851485423928456,0.32779825898101844,-5.551115123125783e-17,0.0007165952582660617
mmlu,c4,C4,69369,0.3028693775293297,0.30286937752932974,0.3014241327601179,-5.551115123125783e-17,0.001445244769211762
mmlu,dclm_ft7percentile_fw2,"DCLM-Baseline (QC 7%, FW2)",69369,0.3636265337877152,0.3636265337877152,0.3652100827378871,0.0,-0.0015835489501718758
mmlu,dclm_ft7percentile_fw3,"DCLM-Baseline (QC 7%, FW3)",69369,0.3709170653165419,0.37091706531654195,0.371243248026978,-5.551115123125783e-17,-0.000326182710436107
mmlu,dclm_fw_top10,DCLM-Baseline (QC FW 10%),69369,0.3701107453717521,0.37011074537175215,0.37054191427768335,-5.551115123125783e-17,-0.00043116890593125623
mmlu,dclm_fw_top3,DCLM-Baseline (QC FW 3%),69369,0.3519552160575869,0.3519552160575869,0.34971004578206716,0.0,0.0022451702755197367
mmlu,dolma-v1-6-and-sources-baseline,Dolma1.6++,69369,0.2993189768883663,0.29931897688836634,0.30014857462945027,-5.551115123125783e-17,-0.0008295977410839872
mmlu,dolma17,Dolma1.7,69369,0.3056773292670161,0.30567732926701613,0.30387596178447335,-5.551115123125783e-17,0.0018013674825427262
mmlu,dolma17-25p-DCLM-baseline-75p,DCLM-Baseline 75% / Dolma 25%,69369,0.3314595547922839,0.3314595547922839,0.3289901268144329,0.0,0.002469427977850991
mmlu,dolma17-50p-DCLM-baseline-50p,DCLM-Baseline 50% / Dolma 50%,69369,0.3249029113109205,0.32490291131092053,0.32546951641597904,-5.551115123125783e-17,-0.0005666051050585708
mmlu,dolma17-75p-DCLM-baseline-25p,DCLM-Baseline 25% / Dolma 75%,69369,0.3195514853253138,0.31955148532531386,0.31959502486146096,-5.551115123125783e-17,-4.353953614716355e-05
mmlu,falcon,Falcon,69369,0.3066930573752067,0.30669305737520675,0.308503442013186,-5.551115123125783e-17,-0.0018103846379793342
mmlu,falcon_and_cc,Falcon+CC,69369,0.3109462039610917,0.3109462039610917,0.30896397774240814,0.0,0.001982226218683547
mmlu,falcon_and_cc_eli5_oh_top10p,Falcon+CC (QC 10%),69369,0.3351079516522735,0.33510795165227353,0.3342204822651489,-5.551115123125783e-17,0.0008874693871245842
mmlu,falcon_and_cc_eli5_oh_top20p,Falcon+CC (QC 20%),69369,0.32648983445181,0.32648983445181,0.3260848485397212,0.0,0.00040498591208881773
mmlu,falcon_and_cc_og_eli5_oh_top10p,Falcon+CC (QC Orig 10%),69369,0.338735460143144,0.338735460143144,0.33737924125811225,0.0,0.0013562188850317347
mmlu,falcon_and_cc_tulu_qc_top10,Falcon+CC (QC Tulu 10%),69369,0.3401810487272371,0.3401810487272371,0.33697595678837694,0.0,0.0032050919388601495
mmlu,fineweb_edu_dedup,FineWeb-Edu,69369,0.3545038729610721,0.35450387296107216,0.3534366865071023,-5.551115123125783e-17,0.001067186453969804
mmlu,no_code,Dolma1.7 (no code),69369,0.3044269102342907,0.3044269102342907,0.30600333903479204,0.0,-0.0015764288005013505
mmlu,no_flan,Dolma1.7 (no Flan),69369,0.3066334093856452,0.30663340938564526,0.3044980423931223,-5.551115123125783e-17,0.0021353669925229246
mmlu,no_math_no_code,"Dolma1.7 (no math, code)",69369,0.3074735467348639,0.3074735467348639,0.3049839631637725,0.0,0.0024895835710913583
mmlu,no_reddit,Dolma1.7 (no Reddit),69369,0.3038715201243159,0.30387152012431595,0.30279308005283256,-5.551115123125783e-17,0.001078440071483333
mmlu,pos_eli5_oh_neg_dclm_refinedweb_steps_2000_lr3e4_top10p,DCLM-Baseline (QC 10%),69369,0.3547662095849776,0.3547662095849776,0.3571884692082592,0.0,-0.002422259623281575
mmlu,pos_eli5_oh_neg_dclm_refinedweb_steps_2000_lr3e4_top20p,DCLM-Baseline (QC 20%),69369,0.3567987508319418,0.3567987508319418,0.35644326673575394,0.0,0.0003554840961878525
mmlu,prox_fineweb_pro,FineWeb-Pro,69369,0.3397338091188486,0.33973380911884865,0.3375847301581318,-5.551115123125783e-17,0.0021490789607168104
olmes_10_macro_avg,DCLM-baseline,DCLM-Baseline,69369,0.5732884424567344,0.5732884424567344,0.5788817814143085,0.0,-0.005593338957574079
olmes_10_macro_avg,c4,C4,69369,0.5481698531176218,0.5481698531176218,0.5482748117894194,0.0,-0.00010495867179760587
olmes_10_macro_avg,dclm_ft7percentile_fw2,"DCLM-Baseline (QC 7%, FW2)",69369,0.5897881022932947,0.5897881022932947,0.5895519379663924,0.0,0.0002361643269023217
olmes_10_macro_avg,dclm_ft7percentile_fw3,"DCLM-Baseline (QC 7%, FW3)",69369,0.5708120780165744,0.5708120780165744,0.5713183758349997,0.0,-0.0005062978184252609
olmes_10_macro_avg,dclm_fw_top10,DCLM-Baseline (QC FW 10%),69369,0.5846360249760288,0.5846360249760288,0.5847325644580172,0.0,-9.653948198840023e-05
olmes_10_macro_avg,dclm_fw_top3,DCLM-Baseline (QC FW 3%),69369,0.5449019781409236,0.5449019781409236,0.5441215762253317,0.0,0.0007804019155918107
olmes_10_macro_avg,dolma-v1-6-and-sources-baseline,Dolma1.6++,69369,0.5173429448709485,0.5173429448709485,0.515310322027043,0.0,0.002032622843905485
olmes_10_macro_avg,dolma17,Dolma1.7,69369,0.5370442703707607,0.5370442703707607,0.532066032420686,0.0,0.004978237950074793
olmes_10_macro_avg,dolma17-25p-DCLM-baseline-75p,DCLM-Baseline 75% / Dolma 25%,69369,0.5490240039794051,0.5490240039794051,0.565503506274285,0.0,-0.016479502294879933
olmes_10_macro_avg,dolma17-50p-DCLM-baseline-50p,DCLM-Baseline 50% / Dolma 50%,69369,0.5656450842496362,0.5656450842496362,0.5629054380158962,0.0,0.002739646233740012
olmes_10_macro_avg,dolma17-75p-DCLM-baseline-25p,DCLM-Baseline 25% / Dolma 75%,69369,0.558275684079377,0.558275684079377,0.5608623122879667,0.0,-0.002586628208589681
olmes_10_macro_avg,falcon,Falcon,69369,0.5522561122643201,0.5522561122643201,0.5559697106851715,0.0,-0.003713598420851394
olmes_10_macro_avg,falcon_and_cc,Falcon+CC,69369,0.5555241654149367,0.5555241654149367,0.5550410863662035,0.0,0.000483079048733126
olmes_10_macro_avg,falcon_and_cc_eli5_oh_top10p,Falcon+CC (QC 10%),69369,0.5865637621251181,0.5865637621251181,0.5857912538886952,0.0,0.0007725082364228308
olmes_10_macro_avg,falcon_and_cc_eli5_oh_top20p,Falcon+CC (QC 20%),69369,0.5764565730559278,0.5764565730559278,0.5794669911182208,0.0,-0.0030104180622929633
olmes_10_macro_avg,falcon_and_cc_og_eli5_oh_top10p,Falcon+CC (QC Orig 10%),69369,0.5951077443495374,0.5951077443495374,0.5904807971023575,0.0,0.0046269472471799356
olmes_10_macro_avg,falcon_and_cc_tulu_qc_top10,Falcon+CC (QC Tulu 10%),69369,0.5747775070473461,0.5747775070473461,0.5712025443281572,0.0,0.00357496271918889
olmes_10_macro_avg,fineweb_edu_dedup,FineWeb-Edu,69369,0.5742025685072247,0.5742025685072247,0.5714210093817588,0.0,0.00278155912546596
olmes_10_macro_avg,no_code,Dolma1.7 (no code),69369,0.5405065876718541,0.5405065876718541,0.543066878760141,0.0,-0.0025602910882869256
olmes_10_macro_avg,no_flan,Dolma1.7 (no Flan),69369,0.5446534366117761,0.5446534366117761,0.5467405582609146,0.0,-0.0020871216491384903
olmes_10_macro_avg,no_math_no_code,"Dolma1.7 (no math, code)",69369,0.5364983494205329,0.5364983494205329,0.5454969675145936,0.0,-0.008998618094060773
olmes_10_macro_avg,no_reddit,Dolma1.7 (no Reddit),69369,0.5468939803157808,0.5468939803157808,0.5380314785516306,0.0,0.008862501764150266
olmes_10_macro_avg,pos_eli5_oh_neg_dclm_refinedweb_steps_2000_lr3e4_top10p,DCLM-Baseline (QC 10%),69369,0.5889710329026716,0.5889710329026716,0.5860844738807355,0.0,0.0028865590219361303
olmes_10_macro_avg,pos_eli5_oh_neg_dclm_refinedweb_steps_2000_lr3e4_top20p,DCLM-Baseline (QC 20%),69369,0.5898611660379176,0.5898611660379176,0.5909559349233335,0.0,-0.001094768885415931
olmes_10_macro_avg,prox_fineweb_pro,FineWeb-Pro,69369,0.5712411004721252,0.5712411004721252,0.5749897711469019,0.0,-0.0037486706747766885
openbookqa,DCLM-baseline,DCLM-Baseline,69369,0.468,0.468,0.47933333333333333,0.0,-0.011333333333333306
openbookqa,c4,C4,69369,0.43,0.43,0.43533333333333335,0.0,-0.005333333333333357
openbookqa,dclm_ft7percentile_fw2,"DCLM-Baseline (QC 7%, FW2)",69369,0.51,0.51,0.5,0.0,0.010000000000000009
openbookqa,dclm_ft7percentile_fw3,"DCLM-Baseline (QC 7%, FW3)",69369,0.486,0.486,0.5013333333333333,0.0,-0.01533333333333331
openbookqa,dclm_fw_top10,DCLM-Baseline (QC FW 10%),69369,0.518,0.518,0.5246666666666667,0.0,-0.00666666666666671
openbookqa,dclm_fw_top3,DCLM-Baseline (QC FW 3%),69369,0.48,0.48,0.482,0.0,-0.0020000000000000018
openbookqa,dolma-v1-6-and-sources-baseline,Dolma1.6++,69369,0.438,0.438,0.44533333333333336,0.0,-0.007333333333333358
openbookqa,dolma17,Dolma1.7,69369,0.496,0.496,0.4606666666666667,0.0,0.03533333333333327
openbookqa,dolma17-25p-DCLM-baseline-75p,DCLM-Baseline 75% / Dolma 25%,69369,0.484,0.484,0.48133333333333334,0.0,0.0026666666666666505
openbookqa,dolma17-50p-DCLM-baseline-50p,DCLM-Baseline 50% / Dolma 50%,69369,0.5,0.5,0.48933333333333334,0.0,0.010666666666666658
openbookqa,dolma17-75p-DCLM-baseline-25p,DCLM-Baseline 25% / Dolma 75%,69369,0.452,0.452,0.48333333333333334,0.0,-0.031333333333333324
openbookqa,falcon,Falcon,69369,0.46,0.46,0.46799999999999997,0.0,-0.007999999999999952
openbookqa,falcon_and_cc,Falcon+CC,69369,0.488,0.488,0.4746666666666666,0.0,0.013333333333333364
openbookqa,falcon_and_cc_eli5_oh_top10p,Falcon+CC (QC 10%),69369,0.492,0.492,0.49933333333333335,0.0,-0.007333333333333358
openbookqa,falcon_and_cc_eli5_oh_top20p,Falcon+CC (QC 20%),69369,0.504,0.504,0.5006666666666667,0.0,0.0033333333333332993
openbookqa,falcon_and_cc_og_eli5_oh_top10p,Falcon+CC (QC Orig 10%),69369,0.514,0.514,0.502,0.0,0.01200000000000001
openbookqa,falcon_and_cc_tulu_qc_top10,Falcon+CC (QC Tulu 10%),69369,0.482,0.482,0.4726666666666666,0.0,0.00933333333333336
openbookqa,fineweb_edu_dedup,FineWeb-Edu,69369,0.48,0.48,0.49866666666666665,0.0,-0.018666666666666665
openbookqa,no_code,Dolma1.7 (no code),69369,0.444,0.444,0.4406666666666667,0.0,0.0033333333333332993
openbookqa,no_flan,Dolma1.7 (no Flan),69369,0.464,0.464,0.4566666666666667,0.0,0.007333333333333303
openbookqa,no_math_no_code,"Dolma1.7 (no math, code)",69369,0.468,0.468,0.474,0.0,-0.00599999999999995
openbookqa,no_reddit,Dolma1.7 (no Reddit),69369,0.458,0.458,0.4506666666666667,0.0,0.007333333333333303
openbookqa,pos_eli5_oh_neg_dclm_refinedweb_steps_2000_lr3e4_top10p,DCLM-Baseline (QC 10%),69369,0.538,0.538,0.5186666666666667,0.0,0.019333333333333313
openbookqa,pos_eli5_oh_neg_dclm_refinedweb_steps_2000_lr3e4_top20p,DCLM-Baseline (QC 20%),69369,0.52,0.52,0.5306666666666667,0.0,-0.010666666666666713
openbookqa,prox_fineweb_pro,FineWeb-Pro,69369,0.504,0.504,0.494,0.0,0.010000000000000009
piqa,DCLM-baseline,DCLM-Baseline,69369,0.7519042437431991,0.7519042437431991,0.7519042437431991,0.0,0.0
piqa,c4,C4,69369,0.7600652883569097,0.7600652883569097,0.7626042800145085,0.0,-0.0025389916575988547
piqa,dclm_ft7percentile_fw2,"DCLM-Baseline (QC 7%, FW2)",69369,0.7393906420021763,0.7393906420021763,0.7453754080522307,0.0,-0.00598476605005438
piqa,dclm_ft7percentile_fw3,"DCLM-Baseline (QC 7%, FW3)",69369,0.7143634385201306,0.7143634385201306,0.7118244468625318,0.0,0.0025389916575988547
piqa,dclm_fw_top10,DCLM-Baseline (QC FW 10%),69369,0.7290533188248096,0.7290533188248096,0.7232499093217265,0.0,0.005803409503083112
piqa,dclm_fw_top3,DCLM-Baseline (QC FW 3%),69369,0.6898803046789989,0.6898803046789989,0.6918752266956837,0.0,-0.0019949220166848303
piqa,dolma-v1-6-and-sources-baseline,Dolma1.6++,69369,0.7486398258977149,0.7486398258977149,0.7509974610083424,0.0,-0.002357635110627476
piqa,dolma17,Dolma1.7,69369,0.7453754080522307,0.7453754080522307,0.7428364163946318,0.0,0.0025389916575988547
piqa,dolma17-25p-DCLM-baseline-75p,DCLM-Baseline 75% / Dolma 25%,69369,0.7535364526659413,0.7535364526659413,0.750272034820457,0.0,0.0032644178454842576
piqa,dolma17-50p-DCLM-baseline-50p,DCLM-Baseline 50% / Dolma 50%,69369,0.7584330794341676,0.7584330794341676,0.750816104461371,0.0,0.007616974972796564
piqa,dolma17-75p-DCLM-baseline-25p,DCLM-Baseline 25% / Dolma 75%,69369,0.7410228509249184,0.7410228509249184,0.7479143997098294,0.0,-0.00689154878491105
piqa,falcon,Falcon,69369,0.7595212187159956,0.7595212187159956,0.7569822270583968,0.0,0.0025389916575988547
piqa,falcon_and_cc,Falcon+CC,69369,0.7524483133841132,0.7524483133841132,0.7517228871962279,0.0,0.0007254261878852919
piqa,falcon_and_cc_eli5_oh_top10p,Falcon+CC (QC 10%),69369,0.749183895538629,0.749183895538629,0.7495466086325716,0.0,-0.00036271309394264595
piqa,falcon_and_cc_eli5_oh_top20p,Falcon+CC (QC 20%),69369,0.7551686615886833,0.7551686615886833,0.7568008705114254,0.0,-0.0016322089227420733
piqa,falcon_and_cc_og_eli5_oh_top10p,Falcon+CC (QC Orig 10%),69369,0.7568008705114254,0.7568008705114254,0.7597025752629669,0.0,-0.0029017047515415006
piqa,falcon_and_cc_tulu_qc_top10,Falcon+CC (QC Tulu 10%),69369,0.7442872687704026,0.7442872687704026,0.7439245556764599,0.0,0.00036271309394275697
piqa,fineweb_edu_dedup,FineWeb-Edu,69369,0.7383025027203483,0.7383025027203483,0.7388465723612624,0.0,-0.0005440696409141355
piqa,no_code,Dolma1.7 (no code),69369,0.7529923830250272,0.7529923830250272,0.7520856002901706,0.0,0.0009067827348566704
piqa,no_flan,Dolma1.7 (no Flan),69369,0.736126224156692,0.736126224156692,0.7433804860355459,0.0,-0.007254261878853807
piqa,no_math_no_code,"Dolma1.7 (no math, code)",69369,0.7546245919477693,0.7546245919477693,0.7524483133841132,0.0,0.0021762785636560977
piqa,no_reddit,Dolma1.7 (no Reddit),69369,0.7529923830250272,0.7529923830250272,0.7475516866158869,0.0,0.005440696409140355
piqa,pos_eli5_oh_neg_dclm_refinedweb_steps_2000_lr3e4_top10p,DCLM-Baseline (QC 10%),69369,0.735038084874864,0.735038084874864,0.7346753717809212,0.0,0.00036271309394275697
piqa,pos_eli5_oh_neg_dclm_refinedweb_steps_2000_lr3e4_top20p,DCLM-Baseline (QC 20%),69369,0.7535364526659413,0.7535364526659413,0.749183895538629,0.0,0.0043525571273123065
piqa,prox_fineweb_pro,FineWeb-Pro,69369,0.7475516866158868,0.7475516866158868,0.7524483133841131,0.0,-0.004896626768226331
socialiqa,DCLM-baseline,DCLM-Baseline,69369,0.5214943705220061,0.5214943705220061,0.5228590924599112,0.0,-0.0013647219379051556
socialiqa,c4,C4,69369,0.5168884339815762,0.5168884339815762,0.5064824292050495,0.0,0.010406004776526756
socialiqa,dclm_ft7percentile_fw2,"DCLM-Baseline (QC 7%, FW2)",69369,0.5199590583418628,0.5199590583418628,0.5187649266461959,0.0,0.0011941316956669557
socialiqa,dclm_ft7percentile_fw3,"DCLM-Baseline (QC 7%, FW3)",69369,0.4964176049129989,0.49641760491299897,0.4895939952234732,-5.551115123125783e-17,0.0068236096895257226
socialiqa,dclm_fw_top10,DCLM-Baseline (QC FW 10%),69369,0.4994882292732855,0.49948822927328557,0.5030706243602866,-5.551115123125783e-17,-0.003582395087001089
socialiqa,dclm_fw_top3,DCLM-Baseline (QC FW 3%),69369,0.4626407369498465,0.4626407369498465,0.4669054930058001,0.0,-0.004264756055953611
socialiqa,dolma-v1-6-and-sources-baseline,Dolma1.6++,69369,0.4989764585465711,0.49897645854657113,0.48805868304332994,-5.551115123125783e-17,0.010917775503241134
socialiqa,dolma17,Dolma1.7,69369,0.4779938587512794,0.4779938587512794,0.4887410440122825,0.0,-0.0107471852610031
socialiqa,dolma17-25p-DCLM-baseline-75p,DCLM-Baseline 75% / Dolma 25%,69369,0.5061412487205732,0.5061412487205732,0.5175707949505289,0.0,-0.011429546229955734
socialiqa,dolma17-50p-DCLM-baseline-50p,DCLM-Baseline 50% / Dolma 50%,69369,0.5312180143295804,0.5312180143295804,0.5220061412487206,0.0,0.0092118730808598
socialiqa,dolma17-75p-DCLM-baseline-25p,DCLM-Baseline 25% / Dolma 75%,69369,0.4989764585465711,0.49897645854657113,0.5092118730808598,-5.551115123125783e-17,-0.010235414534288723
socialiqa,falcon,Falcon,69369,0.5158648925281474,0.5158648925281474,0.5151825315591948,0.0,0.0006823609689525778
socialiqa,falcon_and_cc,Falcon+CC,69369,0.4897645854657114,0.4897645854657114,0.5020470829068577,0.0,-0.012282497441146345
socialiqa,falcon_and_cc_eli5_oh_top10p,Falcon+CC (QC 10%),69369,0.5286591606960082,0.5286591606960082,0.5185943364039577,0.0,0.010064824292050467
socialiqa,falcon_and_cc_eli5_oh_top20p,Falcon+CC (QC 20%),69369,0.5363357215967247,0.5363357215967247,0.5209825997952917,0.0,0.015353121801433
socialiqa,falcon_and_cc_og_eli5_oh_top10p,Falcon+CC (QC Orig 10%),69369,0.5363357215967247,0.5363357215967247,0.5298532923916752,0.0,0.006482429205049489
socialiqa,falcon_and_cc_tulu_qc_top10,Falcon+CC (QC Tulu 10%),69369,0.5087001023541453,0.5087001023541453,0.5061412487205731,0.0,0.0025588536335722223
socialiqa,fineweb_edu_dedup,FineWeb-Edu,69369,0.5071647901740021,0.5071647901740021,0.5148413510747186,0.0,-0.007676560900716556
socialiqa,no_code,Dolma1.7 (no code),69369,0.5040941658137155,0.5040941658137155,0.49437052200614123,0.0,0.009723643807574234
socialiqa,no_flan,Dolma1.7 (no Flan),69369,0.4892528147389969,0.48925281473899696,0.5076765609007166,-5.551115123125783e-17,-0.018423746161719656
socialiqa,no_math_no_code,"Dolma1.7 (no math, code)",69369,0.484646878198567,0.48464687819856705,0.4991470487888093,-5.551115123125783e-17,-0.014500170590242278
socialiqa,no_reddit,Dolma1.7 (no Reddit),69369,0.5117707267144319,0.5117707267144319,0.48754691231661546,0.0,0.024223814397816457
socialiqa,pos_eli5_oh_neg_dclm_refinedweb_steps_2000_lr3e4_top10p,DCLM-Baseline (QC 10%),69369,0.5358239508700102,0.5358239508700102,0.5269532582736267,0.0,0.008870692596383511
socialiqa,pos_eli5_oh_neg_dclm_refinedweb_steps_2000_lr3e4_top20p,DCLM-Baseline (QC 20%),69369,0.5040941658137155,0.5040941658137155,0.5172296144660525,0.0,-0.013135448652337067
socialiqa,prox_fineweb_pro,FineWeb-Pro,69369,0.5117707267144319,0.5117707267144319,0.5141589901057659,0.0,-0.0023882633913340223
winogrande,DCLM-baseline,DCLM-Baseline,69369,0.6211523283346487,0.6211523283346487,0.6161536437779532,0.0,0.0049986845566954985
winogrande,c4,C4,69369,0.5998421468034728,0.5998421468034728,0.5972112601946856,0.0,0.0026308866087871863
winogrande,dclm_ft7percentile_fw2,"DCLM-Baseline (QC 7%, FW2)",69369,0.5840568271507498,0.5840568271507498,0.5861615364377796,0.0,-0.0021047092870297712
winogrande,dclm_ft7percentile_fw3,"DCLM-Baseline (QC 7%, FW3)",69369,0.5619573796369376,0.5619573796369376,0.5661667982109971,0.0,-0.0042094185740595425
winogrande,dclm_fw_top10,DCLM-Baseline (QC FW 10%),69369,0.595895816890292,0.595895816890292,0.5956327282294134,0.0,0.000263088660878652
winogrande,dclm_fw_top3,DCLM-Baseline (QC FW 3%),69369,0.5572217837411207,0.5572217837411207,0.5556432517758485,0.0,0.0015785319652722452
winogrande,dolma-v1-6-and-sources-baseline,Dolma1.6++,69369,0.5832675611681136,0.5832675611681136,0.5814259405419627,0.0,0.0018416206261508972
winogrande,dolma17,Dolma1.7,69369,0.584846093133386,0.584846093133386,0.597737437516443,0.0,-0.012891344383057057
winogrande,dolma17-25p-DCLM-baseline-75p,DCLM-Baseline 75% / Dolma 25%,69369,0.6069455406471981,0.6069455406471981,0.6069455406471981,0.0,0.0
winogrande,dolma17-50p-DCLM-baseline-50p,DCLM-Baseline 50% / Dolma 50%,69369,0.5919494869771112,0.5919494869771112,0.606156274664562,0.0,-0.014206787687450761
winogrande,dolma17-75p-DCLM-baseline-25p,DCLM-Baseline 25% / Dolma 75%,69369,0.5895816890292028,0.5895816890292028,0.5906340436727177,0.0,-0.00105235464351483
winogrande,falcon,Falcon,69369,0.5943172849250198,0.5943172849250198,0.5998421468034728,0.0,-0.0055248618784530246
winogrande,falcon_and_cc,Falcon+CC,69369,0.5935280189423836,0.5935280189423836,0.6045777426992897,0.0,-0.011049723756906049
winogrande,falcon_and_cc_eli5_oh_top10p,Falcon+CC (QC 10%),69369,0.632991318074191,0.632991318074191,0.6261510128913444,0.0,0.006840305182846507
winogrande,falcon_and_cc_eli5_oh_top20p,Falcon+CC (QC 20%),69369,0.6164167324388319,0.6164167324388319,0.6164167324388319,0.0,0.0
winogrande,falcon_and_cc_og_eli5_oh_top10p,Falcon+CC (QC Orig 10%),69369,0.6369376479873717,0.6369376479873717,0.6290449881610103,0.0,0.007892659826361448
winogrande,falcon_and_cc_tulu_qc_top10,Falcon+CC (QC Tulu 10%),69369,0.611681136543015,0.611681136543015,0.6077348066298343,0.0,0.003946329913180779
winogrande,fineweb_edu_dedup,FineWeb-Edu,69369,0.585635359116022,0.585635359116022,0.5835306498289924,0.0,0.00210470928702966
winogrande,no_code,Dolma1.7 (no code),69369,0.6022099447513812,0.6022099447513812,0.5924756642988688,0.0,0.009734280452512456
winogrande,no_flan,Dolma1.7 (no Flan),69369,0.595895816890292,0.595895816890292,0.5961589055511708,0.0,-0.00026308866087876304
winogrande,no_math_no_code,"Dolma1.7 (no math, code)",69369,0.6101026045777427,0.6101026045777427,0.599579058142594,0.0,0.010523546435148634
winogrande,no_reddit,Dolma1.7 (no Reddit),69369,0.5951065509076559,0.5951065509076559,0.5882662457248092,0.0,0.006840305182846618
winogrande,pos_eli5_oh_neg_dclm_refinedweb_steps_2000_lr3e4_top10p,DCLM-Baseline (QC 10%),69369,0.5840568271507498,0.5840568271507498,0.598789792159958,0.0,-0.014732965009208177
winogrande,pos_eli5_oh_neg_dclm_refinedweb_steps_2000_lr3e4_top20p,DCLM-Baseline (QC 20%),69369,0.6156274664561957,0.6156274664561957,0.6066824519863193,0.0,0.008945014469876389
winogrande,prox_fineweb_pro,FineWeb-Pro,69369,0.5951065509076559,0.5951065509076559,0.5966850828729281,0.0,-0.0015785319652722452
