optimizer,size,chinchilla,loss_min,loss_baseline,n_ablations,loss_ablation_median,loss_ablation_worst
adamw,1.2b,1,2.904270648956299,2.9054462909698486,19,2.9096968173980713,7.34722089767456
adamw,1.2b,2,2.835987091064453,2.835987091064453,0,,
adamw,1.2b,4,2.7871193885803223,2.7871193885803223,0,,
adamw,1.2b,8,2.752276659011841,2.752276659011841,0,,
adamw,130m,1,3.5291428565979004,3.5291428565979004,18,3.5383599996566772,7.780568599700928
adamw,130m,2,3.4077868461608887,3.4092094898223877,19,3.416566848754883,7.840256690979004
adamw,130m,4,3.3216564655303955,3.3216564655303955,20,3.3305013179779053,7.561909198760986
adamw,130m,8,3.260563611984253,3.2616419792175293,20,3.2697025537490845,7.658133029937744
adamw,130m,16,3.207158088684082,3.207158088684082,0,,
adamw,300m,1,3.262937307357788,3.263505697250366,19,3.2750980854034424,7.783678531646728
adamw,300m,2,3.1635448932647705,3.1657376289367676,3,3.1693174839019775,3.183974266052246
adamw,300m,4,3.094308853149414,3.094308853149414,3,3.1026270389556885,3.1034507751464844
adamw,300m,8,3.042271375656128,3.04297399520874,3,3.057081937789917,3.058756113052368
adamw,300m,16,3.0006392002105713,3.0006392002105713,0,,
adamw,520m,1,3.1041314601898193,3.109556198120117,20,3.130569338798523,7.836711406707764
adamw,520m,2,3.0231785774230957,3.0231785774230957,2,4.83972692489624,6.654116630554199
adamw,520m,4,2.958468198776245,2.958468198776245,3,7.0745697021484375,7.1394524574279785
adamw,520m,8,2.912761926651001,2.912761926651001,3,6.932138919830322,7.182616233825684
cautious,130m,1,3.532454490661621,3.5345098972320557,18,3.541164994239807,7.801988124847412
cautious,130m,2,3.4009084701538086,3.402977705001831,19,3.414868116378784,11.7617826461792
cautious,130m,4,3.3273122310638428,3.3320846557617188,3,3.350337505340576,6.97850227355957
cautious,130m,8,3.2501556873321533,3.252967119216919,20,3.2581595182418823,11.761780738830566
cautious,300m,1,3.2586865425109863,3.259650230407715,13,3.270664930343628,138172780511232.0
cautious,300m,2,3.1648194789886475,3.1648194789886475,2,3.1733195781707764,3.175487995147705
cautious,300m,4,3.093841075897217,3.093841075897217,2,3.106307029724121,3.114278554916382
cautious,300m,8,3.0409443378448486,3.0432467460632324,2,3.0558087825775146,3.0706732273101807
cautious,520m,1,3.100316047668457,3.100316047668457,20,3.1211345195770264,80078.5
cautious,520m,2,3.017448663711548,3.017448663711548,2,6478.257728338242,12953.49609375
cautious,520m,4,2.95566987991333,2.95566987991333,2,2.9648354053497314,2.9707610607147217
cautious,520m,8,2.9101526737213135,2.9101526737213135,2,2.925022006034851,2.931103467941284
kron,130m,1,3.4907355308532715,3.492459774017334,22,3.4990063905715942,7.837914943695068
kron,130m,2,3.388023376464844,3.3886427879333496,22,3.3931350708007812,7.458396434783936
kron,130m,4,3.3028366565704346,3.3066134452819824,23,3.3130953311920166,7.492156982421875
kron,130m,8,3.238511800765991,3.238511800765991,23,3.242358922958374,7.5037126541137695
kron,300m,1,3.2414581775665283,3.2441420555114746,22,3.247744917869568,7.635653972625732
kron,300m,2,3.1508798599243164,3.1508798599243164,1,3.1569161415100098,3.1569161415100098
kron,300m,4,3.083432674407959,3.083432674407959,1,3.0895674228668213,3.0895674228668213
kron,300m,8,3.031358480453491,3.031358480453491,1,3.074317216873169,3.074317216873169
kron,520m,1,3.0836100578308105,3.0836100578308105,21,3.09328031539917,7.01833438873291
kron,520m,2,3.008941411972046,3.0094680786132812,1,3.008941411972046,3.008941411972046
kron,520m,4,2.946164131164551,2.946164131164551,1,2.950037717819214,2.950037717819214
kron,520m,8,2.90018892288208,2.90018892288208,2,2.905229091644287,2.908565044403076
lion,130m,1,3.549180746078491,3.55153751373291,25,3.558671712875366,7.839870929718018
lion,130m,2,3.4087886810302734,3.4091198444366455,22,3.4272494316101074,7.862617492675781
lion,130m,4,3.3292596340179443,3.3305540084838867,23,3.3383827209472656,97.6626205444336
lion,130m,8,3.2508106231689453,3.251647710800171,22,3.264785885810852,7.829463958740234
lion,300m,1,3.2675621509552,3.2682037353515625,22,3.2772960662841797,7.86298418045044
lion,300m,2,3.170240879058838,3.170240879058838,4,3.1791155338287354,3.1887495517730713
lion,300m,4,3.1004343032836914,3.1004343032836914,4,3.1046451330184937,3.1139070987701416
lion,300m,8,3.042884588241577,3.0458250045776367,4,3.0537558794021606,3.061250686645508
lion,520m,1,3.1076302528381348,3.108016014099121,22,3.1181225776672363,8.046377182006836
lion,520m,2,3.0284509658813477,3.028674364089966,4,3.037300229072571,7.779125690460205
lion,520m,4,2.9652392864227295,2.9652392864227295,4,2.9687756299972534,2.975492238998413
lion,520m,8,2.9147348403930664,2.9147348403930664,4,2.9209394454956055,2.922492742538452
mars,130m,1,3.536329746246338,3.537498712539673,22,3.5497846603393555,40927.45703125
mars,130m,2,3.394932270050049,3.395533561706543,22,3.4019569158554077,3.5240225791931152
mars,130m,4,3.320751428604126,3.3225204944610596,24,3.328818202018738,8.641791343688965
mars,130m,8,3.2465016841888428,3.2466704845428467,23,3.2523162364959717,3.40966796875
mars,300m,1,3.246682643890381,3.2489006519317627,22,3.259014368057251,7.899043560028076
mars,300m,2,3.156471014022827,3.158052682876587,6,3.167519450187683,3.1739578247070312
mars,300m,4,3.094512701034546,3.0973103046417236,6,3.0974684953689575,3.1114141941070557
mars,300m,8,3.03804612159729,3.0402114391326904,6,3.0472304821014404,3.050072193145752
mars,520m,1,3.098572254180908,3.100747585296631,22,3.1060917377471924,17.2548828125
mars,520m,2,3.0136630535125732,3.015342712402344,6,3.0191702842712402,3.0248851776123047
mars,520m,4,2.952986717224121,2.955329179763794,6,2.9584110975265503,2.9736084938049316
mars,520m,8,2.905677080154419,2.9063034057617188,6,2.907743453979492,2.9166340827941895
mini,130m,1,3.542064666748047,3.542064666748047,18,3.562727928161621,7.825168132781982
mini,130m,2,3.414708137512207,3.4163756370544434,19,3.4259743690490723,7.79632568359375
mini,130m,4,3.32792329788208,3.32792329788208,20,3.3616623878479004,7.855252742767334
mini,130m,8,3.2635786533355713,3.266176223754883,20,3.2854501008987427,7.86801290512085
mini,300m,1,3.272055149078369,3.272055149078369,20,3.2799655199050903,8.580626487731934
mini,300m,2,3.1780893802642822,3.1780893802642822,4,3.1814900636672974,6.960036754608154
mini,300m,4,3.1028668880462646,3.1028668880462646,4,3.1098179817199707,3.111079216003418
mini,300m,8,3.049351930618286,3.049351930618286,4,3.0516427755355835,3.064393997192383
mini,520m,1,3.1117799282073975,3.1121535301208496,19,3.132754325866699,7.791623592376709
mini,520m,2,3.027266263961792,3.027266263961792,4,3.0344566106796265,7.358562469482422
mini,520m,4,2.9628939628601074,2.965784788131714,4,2.9718955755233765,7.528530120849609
mini,520m,8,2.911536931991577,2.911536931991577,4,2.972747325897217,7.448970317840576
muon,1.2b,1,2.8862736225128174,2.8914880752563477,0,,
muon,1.2b,2,2.827101230621338,2.827101230621338,0,,
muon,1.2b,4,2.7799859046936035,2.7799859046936035,0,,
muon,1.2b,8,2.7483625411987305,2.7483625411987305,0,,
muon,130m,1,3.4626309871673584,3.463632106781006,32,3.4718902111053467,3.811218738555908
muon,130m,2,3.369025468826294,3.369025468826294,32,3.3746718168258667,5.932426452636719
muon,130m,4,3.2946722507476807,3.29641056060791,32,3.3029814958572388,4.806643486022949
muon,130m,8,3.2373132705688477,3.2398157119750977,32,3.244835138320923,5.568262577056885
muon,130m,16,3.1924784183502197,3.2022271156311035,0,,
muon,300m,1,3.221550941467285,3.2237305641174316,32,3.2298247814178467,5.975874423980713
muon,300m,2,3.1433465480804443,3.1433465480804443,2,3.144392967224121,3.1447649002075195
muon,300m,4,3.079275369644165,3.079275369644165,2,3.0857138633728027,3.0879828929901123
muon,300m,8,3.029240131378174,3.0318071842193604,2,3.039031505584717,3.04882287979126
muon,300m,16,2.9908766746520996,,0,,
muon,520m,1,3.070978879928589,3.073499917984009,32,3.078208088874817,7.899570941925049
muon,520m,2,3.001875162124634,3.001875162124634,2,3.0084749460220337,3.0091676712036133
muon,520m,4,2.9442315101623535,2.945103168487549,2,2.953737735748291,2.9632439613342285
muon,520m,8,2.900200366973877,2.905993938446045,2,2.9150686264038086,2.92993688583374
nadamw,1.2b,1,2.902158498764038,2.902158498764038,0,,
nadamw,1.2b,2,2.8329575061798096,2.8329575061798096,0,,
nadamw,1.2b,4,2.784677267074585,2.784677267074585,0,,
nadamw,1.2b,8,2.7485225200653076,2.7485225200653076,0,,
nadamw,130m,1,3.5311388969421387,3.5312271118164062,18,3.5460284948349,34467.60546875
nadamw,130m,2,3.393378496170044,3.393587350845337,19,3.4027507305145264,7.67470121383667
nadamw,130m,4,3.317051887512207,3.319291353225708,20,3.3311139345169067,7.732810020446777
nadamw,130m,8,3.2486026287078857,3.2508537769317627,20,3.256121873855591,7.669895648956299
nadamw,130m,16,3.200423002243042,3.200423002243042,0,,
nadamw,300m,1,3.247661828994751,3.247661828994751,19,3.262681245803833,7.744184970855713
nadamw,300m,2,3.1595587730407715,3.1595587730407715,2,3.162663221359253,3.1648709774017334
nadamw,300m,4,3.08992862701416,3.08992862701416,2,3.0977370738983154,3.098461151123047
nadamw,300m,8,3.039086103439331,3.039180040359497,2,3.047212839126587,3.0553395748138428
nadamw,300m,16,2.998051166534424,2.998051166534424,0,,
nadamw,520m,1,3.09255051612854,3.099550485610962,19,3.1100969314575195,7.845871925354004
nadamw,520m,2,3.0127241611480713,3.0127241611480713,2,3.021705389022827,3.023186445236206
nadamw,520m,4,2.954136371612549,2.9545633792877197,2,2.962599754333496,2.9710631370544434
nadamw,520m,8,2.9072420597076416,2.9072420597076416,2,2.911454439163208,2.9129629135131836
scion,130m,1,3.4737958908081055,3.4766781330108643,30,3.4888782501220703,6.308431148529053
scion,130m,2,3.377504587173462,3.3785014152526855,30,3.387878894805908,6.192693710327148
scion,130m,4,3.3015458583831787,3.3017358779907227,30,3.306926131248474,5.893826007843018
scion,130m,8,3.245243549346924,3.246260643005371,30,3.251798629760742,6.173503398895264
scion,300m,1,3.231102705001831,3.232110500335694,30,3.241164207458496,5.626926422119141
scion,300m,2,3.1498725414276123,3.1516470909118652,2,3.1533507108688354,3.1540799140930176
scion,300m,4,3.085658073425293,3.0955305099487305,1,3.085716724395752,3.085716724395752
scion,300m,8,3.0366275310516357,3.0386765003204346,2,3.046720027923584,3.056812524795532
scion,520m,1,3.0794055461883545,3.080237865447998,30,3.0905556678771973,7.334897994995117
scion,520m,2,3.0067803859710693,3.0067803859710693,2,3.0176427364349365,3.020345449447632
scion,520m,4,2.950742483139038,2.951536178588867,2,2.960752844810486,2.969716787338257
scion,520m,8,2.904153823852539,2.904153823852539,2,2.913119316101074,2.9134862422943115
soape,1.2b,1,2.897803783416748,2.94049334526062,0,,
soape,1.2b,2,2.8293275833129883,2.8293275833129883,0,,
soape,1.2b,4,2.782505750656128,2.782505750656128,0,,
soape,1.2b,8,2.7485294342041016,2.7485294342041016,0,,
soape,130m,1,3.4821648597717285,3.4834887981414795,21,3.4911434650421143,4.867911338806152
soape,130m,2,3.374239921569824,,1,3.381349563598633,3.381349563598633
soape,130m,4,3.294482469558716,,0,,
soape,130m,8,3.2374308109283447,3.238661766052246,21,3.2423806190490723,3.3076205253601074
soape,130m,16,3.1911556720733643,3.1911556720733643,0,,
soape,300m,1,3.230889797210694,3.230889797210694,21,3.2386908531188965,5.55920934677124
soape,300m,2,3.147433280944824,3.147433280944824,4,3.151732921600342,3.154287099838257
soape,300m,4,3.082421064376831,3.083911895751953,4,3.0860769748687744,3.0912067890167236
soape,300m,8,3.0301599502563477,3.0301599502563477,4,3.0328969955444336,3.042992353439331
soape,300m,16,2.9896833896636963,2.9896833896636963,0,,
soape,520m,1,3.0788798332214355,3.0788798332214355,21,3.0965120792388916,6.105731964111328
soape,520m,2,3.0036733150482178,3.0036733150482178,4,3.010592222213745,3.012703657150269
soape,520m,4,2.944326400756836,2.944326400756836,4,2.9471287727355957,2.9487318992614746
soape,520m,8,2.8988614082336426,2.8988614082336426,1,2.9057538509368896,2.9057538509368896
sophia,130m,1,3.5440285205841064,3.5440285205841064,22,3.5644315481185913,7.824465274810791
sophia,130m,2,3.413950681686402,3.413950681686402,23,3.4256157875061035,7.81080961227417
sophia,130m,4,3.3275668621063232,3.329803943634033,21,3.3378849029541016,7.345368385314941
sophia,130m,8,3.2589638233184814,3.25943374633789,13,3.2654714584350586,3.3078272342681885
sophia,300m,1,3.267392158508301,3.267392158508301,23,3.2881059646606445,7.524826049804688
sophia,520m,1,3.105455160140991,3.1056277751922607,16,3.1158682107925415,6.939915180206299
