metric,target,fit_scales,n_fit_budgets,include_750M,fit_bounds,ranking,fdr,n_seeds_min,n_pairs,projection_mis_selection,single_scale_mis_selection,projection_worse,projection_flips,single_scale_flips,excess_projection_flips,n_inherited,n_fit_error,n_repaired,n_fit_error_significant,n_inherited_significant,fit_error_share_of_flips,excess_is_all_fit_error,fit_error_exceeds_inherited
c4_en_bits_per_token,1B,4M-150M,10,False,bounded,seed_mean,BH@0.05,3,300,0.09,0.01,True,27,3,24,1,26,2,23,0,0.9629629629629629,True,True
c4_en_bits_per_token,1B,4M-150M,10,False,unconstrained,seed_mean,BH@0.05,3,300,0.09,0.01,True,27,3,24,1,26,2,23,0,0.9629629629629629,True,True
c4_en_bits_per_token,1B,4M-150M,10,True,bounded,seed_mean,BH@0.05,3,300,0.09,0.01,True,27,3,24,1,26,2,23,0,0.9629629629629629,True,True
c4_en_bits_per_token,1B,4M-150M,10,True,unconstrained,seed_mean,BH@0.05,3,300,0.09,0.01,True,27,3,24,1,26,2,23,0,0.9629629629629629,True,True
c4_en_bits_per_token,1B,14M-150M,6,False,bounded,seed_mean,BH@0.05,3,300,0.09333333333333334,0.01,True,28,3,25,0,28,3,26,0,1.0,True,True
c4_en_bits_per_token,1B,14M-150M,6,False,unconstrained,seed_mean,BH@0.05,3,300,0.17333333333333334,0.01,True,52,3,49,0,52,3,50,0,1.0,True,True
c4_en_bits_per_token,1B,14M-150M,6,True,bounded,seed_mean,BH@0.05,3,300,0.09333333333333334,0.01,True,28,3,25,0,28,3,26,0,1.0,True,True
c4_en_bits_per_token,1B,14M-150M,6,True,unconstrained,seed_mean,BH@0.05,3,300,0.17333333333333334,0.01,True,52,3,49,0,52,3,50,0,1.0,True,True
c4_en_bits_per_token,1B,60M-150M,3,False,bounded,seed_mean,BH@0.05,3,300,0.1,0.01,True,30,3,27,3,27,0,25,2,0.9,True,True
c4_en_bits_per_token,1B,60M-150M,3,False,unconstrained,seed_mean,BH@0.05,3,300,0.20666666666666667,0.01,True,62,3,59,3,59,0,58,2,0.9516129032258065,True,True
c4_en_bits_per_token,1B,60M-150M,3,True,bounded,seed_mean,BH@0.05,3,300,0.1,0.01,True,30,3,27,3,27,0,25,2,0.9,True,True
c4_en_bits_per_token,1B,60M-150M,3,True,unconstrained,seed_mean,BH@0.05,3,300,0.20666666666666667,0.01,True,62,3,59,3,59,0,58,2,0.9516129032258065,True,True
c4_en_bits_per_token,1B,4M-300M,11,False,bounded,seed_mean,BH@0.05,3,300,0.05333333333333334,0.013333333333333334,True,16,4,12,2,14,2,10,1,0.875,True,True
c4_en_bits_per_token,1B,4M-300M,11,False,unconstrained,seed_mean,BH@0.05,3,300,0.05333333333333334,0.013333333333333334,True,16,4,12,2,14,2,10,1,0.875,True,True
c4_en_bits_per_token,1B,4M-300M,11,True,bounded,seed_mean,BH@0.05,3,300,0.05333333333333334,0.013333333333333334,True,16,4,12,2,14,2,10,1,0.875,True,True
c4_en_bits_per_token,1B,4M-300M,11,True,unconstrained,seed_mean,BH@0.05,3,300,0.05333333333333334,0.013333333333333334,True,16,4,12,2,14,2,10,1,0.875,True,True
c4_en_bits_per_token,1B,14M-300M,7,False,bounded,seed_mean,BH@0.05,3,300,0.03,0.013333333333333334,True,9,4,5,2,7,2,5,1,0.7777777777777778,True,True
c4_en_bits_per_token,1B,14M-300M,7,False,unconstrained,seed_mean,BH@0.05,3,300,0.03,0.013333333333333334,True,9,4,5,2,7,2,5,1,0.7777777777777778,True,True
c4_en_bits_per_token,1B,14M-300M,7,True,bounded,seed_mean,BH@0.05,3,300,0.03,0.013333333333333334,True,9,4,5,2,7,2,5,1,0.7777777777777778,True,True
c4_en_bits_per_token,1B,14M-300M,7,True,unconstrained,seed_mean,BH@0.05,3,300,0.03,0.013333333333333334,True,9,4,5,2,7,2,5,1,0.7777777777777778,True,True
c4_en_bits_per_token,1B,60M-300M,4,False,bounded,seed_mean,BH@0.05,3,300,0.04666666666666667,0.013333333333333334,True,14,4,10,3,11,1,8,2,0.7857142857142857,True,True
c4_en_bits_per_token,1B,60M-300M,4,False,unconstrained,seed_mean,BH@0.05,3,300,0.04666666666666667,0.013333333333333334,True,14,4,10,3,11,1,8,2,0.7857142857142857,True,True
c4_en_bits_per_token,1B,60M-300M,4,True,bounded,seed_mean,BH@0.05,3,300,0.04666666666666667,0.013333333333333334,True,14,4,10,3,11,1,8,2,0.7857142857142857,True,True
c4_en_bits_per_token,1B,60M-300M,4,True,unconstrained,seed_mean,BH@0.05,3,300,0.04666666666666667,0.013333333333333334,True,14,4,10,3,11,1,8,2,0.7857142857142857,True,True
c4_en_bits_per_token,1B,4M-530M,12,False,bounded,seed_mean,BH@0.05,3,300,0.03,0.01,True,9,3,6,1,8,2,5,0,0.8888888888888888,True,True
c4_en_bits_per_token,1B,4M-530M,12,False,unconstrained,seed_mean,BH@0.05,3,300,0.03,0.01,True,9,3,6,1,8,2,5,0,0.8888888888888888,True,True
c4_en_bits_per_token,1B,4M-530M,12,True,bounded,seed_mean,BH@0.05,3,300,0.03,0.01,True,9,3,6,1,8,2,5,0,0.8888888888888888,True,True
c4_en_bits_per_token,1B,4M-530M,12,True,unconstrained,seed_mean,BH@0.05,3,300,0.03,0.01,True,9,3,6,1,8,2,5,0,0.8888888888888888,True,True
c4_en_bits_per_token,1B,14M-530M,8,False,bounded,seed_mean,BH@0.05,3,300,0.01,0.01,False,3,3,0,1,2,2,0,0,0.6666666666666666,,True
c4_en_bits_per_token,1B,14M-530M,8,False,unconstrained,seed_mean,BH@0.05,3,300,0.01,0.01,False,3,3,0,1,2,2,0,0,0.6666666666666666,,True
c4_en_bits_per_token,1B,14M-530M,8,True,bounded,seed_mean,BH@0.05,3,300,0.01,0.01,False,3,3,0,1,2,2,0,0,0.6666666666666666,,True
c4_en_bits_per_token,1B,14M-530M,8,True,unconstrained,seed_mean,BH@0.05,3,300,0.01,0.01,False,3,3,0,1,2,2,0,0,0.6666666666666666,,True
c4_en_bits_per_token,1B,60M-530M,5,False,bounded,seed_mean,BH@0.05,3,300,0.023333333333333334,0.01,True,7,3,4,3,4,0,2,0,0.5714285714285714,True,True
c4_en_bits_per_token,1B,60M-530M,5,False,unconstrained,seed_mean,BH@0.05,3,300,0.023333333333333334,0.01,True,7,3,4,3,4,0,2,0,0.5714285714285714,True,True
c4_en_bits_per_token,1B,60M-530M,5,True,bounded,seed_mean,BH@0.05,3,300,0.023333333333333334,0.01,True,7,3,4,3,4,0,2,0,0.5714285714285714,True,True
c4_en_bits_per_token,1B,60M-530M,5,True,unconstrained,seed_mean,BH@0.05,3,300,0.023333333333333334,0.01,True,7,3,4,3,4,0,2,0,0.5714285714285714,True,True
c4_en_bits_per_token,530M,4M-150M,10,False,bounded,seed_mean,BH@0.05,3,300,0.05,0.006666666666666667,True,15,2,13,1,14,1,11,0,0.9333333333333333,True,True
c4_en_bits_per_token,530M,4M-150M,10,False,unconstrained,seed_mean,BH@0.05,3,300,0.05,0.006666666666666667,True,15,2,13,1,14,1,11,0,0.9333333333333333,True,True
c4_en_bits_per_token,530M,4M-150M,10,True,bounded,seed_mean,BH@0.05,3,300,0.05,0.006666666666666667,True,15,2,13,1,14,1,11,0,0.9333333333333333,True,True
c4_en_bits_per_token,530M,4M-150M,10,True,unconstrained,seed_mean,BH@0.05,3,300,0.05,0.006666666666666667,True,15,2,13,1,14,1,11,0,0.9333333333333333,True,True
c4_en_bits_per_token,530M,14M-150M,6,False,bounded,seed_mean,BH@0.05,3,300,0.06,0.006666666666666667,True,18,2,16,0,18,2,15,0,1.0,True,True
c4_en_bits_per_token,530M,14M-150M,6,False,unconstrained,seed_mean,BH@0.05,3,300,0.06666666666666667,0.006666666666666667,True,20,2,18,0,20,2,17,0,1.0,True,True
c4_en_bits_per_token,530M,14M-150M,6,True,bounded,seed_mean,BH@0.05,3,300,0.06,0.006666666666666667,True,18,2,16,0,18,2,15,0,1.0,True,True
c4_en_bits_per_token,530M,14M-150M,6,True,unconstrained,seed_mean,BH@0.05,3,300,0.06666666666666667,0.006666666666666667,True,20,2,18,0,20,2,17,0,1.0,True,True
c4_en_bits_per_token,530M,60M-150M,3,False,bounded,seed_mean,BH@0.05,3,300,0.04,0.006666666666666667,True,12,2,10,1,11,1,10,0,0.9166666666666666,True,True
c4_en_bits_per_token,530M,60M-150M,3,False,unconstrained,seed_mean,BH@0.05,3,300,0.08666666666666667,0.006666666666666667,True,26,2,24,1,25,1,24,0,0.9615384615384616,True,True
c4_en_bits_per_token,530M,60M-150M,3,True,bounded,seed_mean,BH@0.05,3,300,0.04,0.006666666666666667,True,12,2,10,1,11,1,10,0,0.9166666666666666,True,True
c4_en_bits_per_token,530M,60M-150M,3,True,unconstrained,seed_mean,BH@0.05,3,300,0.08666666666666667,0.006666666666666667,True,26,2,24,1,25,1,24,0,0.9615384615384616,True,True
c4_en_bits_per_token,530M,4M-300M,11,False,bounded,seed_mean,BH@0.05,3,300,0.03333333333333333,0.01,True,10,3,7,2,8,1,3,0,0.8,True,True
c4_en_bits_per_token,530M,4M-300M,11,False,unconstrained,seed_mean,BH@0.05,3,300,0.03333333333333333,0.01,True,10,3,7,2,8,1,3,0,0.8,True,True
c4_en_bits_per_token,530M,4M-300M,11,True,bounded,seed_mean,BH@0.05,3,300,0.03333333333333333,0.01,True,10,3,7,2,8,1,3,0,0.8,True,True
c4_en_bits_per_token,530M,4M-300M,11,True,unconstrained,seed_mean,BH@0.05,3,300,0.03333333333333333,0.01,True,10,3,7,2,8,1,3,0,0.8,True,True
c4_en_bits_per_token,530M,14M-300M,7,False,bounded,seed_mean,BH@0.05,3,300,0.016666666666666666,0.01,True,5,3,2,2,3,1,0,0,0.6,True,True
c4_en_bits_per_token,530M,14M-300M,7,False,unconstrained,seed_mean,BH@0.05,3,300,0.016666666666666666,0.01,True,5,3,2,2,3,1,0,0,0.6,True,True
c4_en_bits_per_token,530M,14M-300M,7,True,bounded,seed_mean,BH@0.05,3,300,0.016666666666666666,0.01,True,5,3,2,2,3,1,0,0,0.6,True,True
c4_en_bits_per_token,530M,14M-300M,7,True,unconstrained,seed_mean,BH@0.05,3,300,0.016666666666666666,0.01,True,5,3,2,2,3,1,0,0,0.6,True,True
c4_en_bits_per_token,530M,60M-300M,4,False,bounded,seed_mean,BH@0.05,3,300,0.016666666666666666,0.01,True,5,3,2,3,2,0,0,0,0.4,True,False
c4_en_bits_per_token,530M,60M-300M,4,False,unconstrained,seed_mean,BH@0.05,3,300,0.016666666666666666,0.01,True,5,3,2,3,2,0,0,0,0.4,True,False
c4_en_bits_per_token,530M,60M-300M,4,True,bounded,seed_mean,BH@0.05,3,300,0.016666666666666666,0.01,True,5,3,2,3,2,0,0,0,0.4,True,False
c4_en_bits_per_token,530M,60M-300M,4,True,unconstrained,seed_mean,BH@0.05,3,300,0.016666666666666666,0.01,True,5,3,2,3,2,0,0,0,0.4,True,False
c4_en_bits_per_token,530M,4M-530M,11,False,bounded,seed_mean,BH@0.05,3,300,0.03333333333333333,0.01,True,10,3,7,2,8,1,3,0,0.8,True,True
c4_en_bits_per_token,530M,4M-530M,11,False,unconstrained,seed_mean,BH@0.05,3,300,0.03333333333333333,0.01,True,10,3,7,2,8,1,3,0,0.8,True,True
c4_en_bits_per_token,530M,4M-530M,11,True,bounded,seed_mean,BH@0.05,3,300,0.03333333333333333,0.01,True,10,3,7,2,8,1,3,0,0.8,True,True
c4_en_bits_per_token,530M,4M-530M,11,True,unconstrained,seed_mean,BH@0.05,3,300,0.03333333333333333,0.01,True,10,3,7,2,8,1,3,0,0.8,True,True
c4_en_bits_per_token,530M,14M-530M,7,False,bounded,seed_mean,BH@0.05,3,300,0.016666666666666666,0.01,True,5,3,2,2,3,1,0,0,0.6,True,True
c4_en_bits_per_token,530M,14M-530M,7,False,unconstrained,seed_mean,BH@0.05,3,300,0.016666666666666666,0.01,True,5,3,2,2,3,1,0,0,0.6,True,True
c4_en_bits_per_token,530M,14M-530M,7,True,bounded,seed_mean,BH@0.05,3,300,0.016666666666666666,0.01,True,5,3,2,2,3,1,0,0,0.6,True,True
c4_en_bits_per_token,530M,14M-530M,7,True,unconstrained,seed_mean,BH@0.05,3,300,0.016666666666666666,0.01,True,5,3,2,2,3,1,0,0,0.6,True,True
c4_en_bits_per_token,530M,60M-530M,4,False,bounded,seed_mean,BH@0.05,3,300,0.016666666666666666,0.01,True,5,3,2,3,2,0,0,0,0.4,True,False
c4_en_bits_per_token,530M,60M-530M,4,False,unconstrained,seed_mean,BH@0.05,3,300,0.016666666666666666,0.01,True,5,3,2,3,2,0,0,0,0.4,True,False
c4_en_bits_per_token,530M,60M-530M,4,True,bounded,seed_mean,BH@0.05,3,300,0.016666666666666666,0.01,True,5,3,2,3,2,0,0,0,0.4,True,False
c4_en_bits_per_token,530M,60M-530M,4,True,unconstrained,seed_mean,BH@0.05,3,300,0.016666666666666666,0.01,True,5,3,2,3,2,0,0,0,0.4,True,False
olmes_macro_error,1B,4M-150M,10,False,bounded,seed_mean,BH@0.05,3,300,0.17666666666666667,0.17,True,53,51,2,43,10,8,3,22,0.18867924528301888,True,False
olmes_macro_error,1B,4M-150M,10,False,unconstrained,seed_mean,BH@0.05,3,300,0.18,0.17,True,54,51,3,44,10,7,3,22,0.18518518518518517,True,False
olmes_macro_error,1B,4M-150M,10,True,bounded,seed_mean,BH@0.05,3,300,0.17666666666666667,0.17,True,53,51,2,43,10,8,3,22,0.18867924528301888,True,False
olmes_macro_error,1B,4M-150M,10,True,unconstrained,seed_mean,BH@0.05,3,300,0.18,0.17,True,54,51,3,44,10,7,3,22,0.18518518518518517,True,False
olmes_macro_error,1B,14M-150M,6,False,bounded,seed_mean,BH@0.05,3,300,0.19666666666666666,0.17,True,59,51,8,47,12,4,4,23,0.2033898305084746,True,False
olmes_macro_error,1B,14M-150M,6,False,unconstrained,seed_mean,BH@0.05,3,300,0.19333333333333333,0.17,True,58,51,7,48,10,3,4,23,0.1724137931034483,True,False
olmes_macro_error,1B,14M-150M,6,True,bounded,seed_mean,BH@0.05,3,300,0.19666666666666666,0.17,True,59,51,8,47,12,4,4,23,0.2033898305084746,True,False
olmes_macro_error,1B,14M-150M,6,True,unconstrained,seed_mean,BH@0.05,3,300,0.19333333333333333,0.17,True,58,51,7,48,10,3,4,23,0.1724137931034483,True,False
olmes_macro_error,1B,60M-150M,3,False,bounded,seed_mean,BH@0.05,3,300,0.23333333333333334,0.17,True,70,51,19,36,34,15,11,16,0.4857142857142857,True,False
olmes_macro_error,1B,60M-150M,3,False,unconstrained,seed_mean,BH@0.05,3,300,0.24333333333333335,0.17,True,73,51,22,35,38,16,13,17,0.5205479452054794,True,True
olmes_macro_error,1B,60M-150M,3,True,bounded,seed_mean,BH@0.05,3,300,0.23333333333333334,0.17,True,70,51,19,36,34,15,11,16,0.4857142857142857,True,False
olmes_macro_error,1B,60M-150M,3,True,unconstrained,seed_mean,BH@0.05,3,300,0.24333333333333335,0.17,True,73,51,22,35,38,16,13,17,0.5205479452054794,True,True
olmes_macro_error,1B,4M-300M,11,False,bounded,seed_mean,BH@0.05,3,300,0.17,0.14,True,51,42,9,37,14,5,7,16,0.27450980392156865,True,False
olmes_macro_error,1B,4M-300M,11,False,unconstrained,seed_mean,BH@0.05,3,300,0.17333333333333334,0.14,True,52,42,10,38,14,4,7,16,0.2692307692307692,True,False
olmes_macro_error,1B,4M-300M,11,True,bounded,seed_mean,BH@0.05,3,300,0.17,0.14,True,51,42,9,37,14,5,7,16,0.27450980392156865,True,False
olmes_macro_error,1B,4M-300M,11,True,unconstrained,seed_mean,BH@0.05,3,300,0.17333333333333334,0.14,True,52,42,10,38,14,4,7,16,0.2692307692307692,True,False
olmes_macro_error,1B,14M-300M,7,False,bounded,seed_mean,BH@0.05,3,300,0.15,0.14,True,45,42,3,37,8,5,7,17,0.17777777777777778,True,False
olmes_macro_error,1B,14M-300M,7,False,unconstrained,seed_mean,BH@0.05,3,300,0.15,0.14,True,45,42,3,37,8,5,5,16,0.17777777777777778,True,False
olmes_macro_error,1B,14M-300M,7,True,bounded,seed_mean,BH@0.05,3,300,0.15,0.14,True,45,42,3,37,8,5,7,17,0.17777777777777778,True,False
olmes_macro_error,1B,14M-300M,7,True,unconstrained,seed_mean,BH@0.05,3,300,0.15,0.14,True,45,42,3,37,8,5,5,16,0.17777777777777778,True,False
olmes_macro_error,1B,60M-300M,4,False,bounded,seed_mean,BH@0.05,3,300,0.14666666666666667,0.14,True,44,42,2,34,10,8,0,7,0.22727272727272727,True,False
olmes_macro_error,1B,60M-300M,4,False,unconstrained,seed_mean,BH@0.05,3,300,0.14333333333333334,0.14,True,43,42,1,32,11,10,0,6,0.2558139534883721,True,False
olmes_macro_error,1B,60M-300M,4,True,bounded,seed_mean,BH@0.05,3,300,0.14666666666666667,0.14,True,44,42,2,34,10,8,0,7,0.22727272727272727,True,False
olmes_macro_error,1B,60M-300M,4,True,unconstrained,seed_mean,BH@0.05,3,300,0.14333333333333334,0.14,True,43,42,1,32,11,10,0,6,0.2558139534883721,True,False
olmes_macro_error,1B,4M-530M,12,False,bounded,seed_mean,BH@0.05,3,300,0.16,0.11666666666666667,True,48,35,13,31,17,4,9,9,0.3541666666666667,True,False
olmes_macro_error,1B,4M-530M,12,False,unconstrained,seed_mean,BH@0.05,3,300,0.15333333333333332,0.11666666666666667,True,46,35,11,32,14,3,9,11,0.30434782608695654,True,False
olmes_macro_error,1B,4M-530M,12,True,bounded,seed_mean,BH@0.05,3,300,0.16,0.11666666666666667,True,48,35,13,31,17,4,9,9,0.3541666666666667,True,False
olmes_macro_error,1B,4M-530M,12,True,unconstrained,seed_mean,BH@0.05,3,300,0.15333333333333332,0.11666666666666667,True,46,35,11,32,14,3,9,11,0.30434782608695654,True,False
olmes_macro_error,1B,14M-530M,8,False,bounded,seed_mean,BH@0.05,3,300,0.14,0.11666666666666667,True,42,35,7,31,11,4,7,10,0.2619047619047619,True,False
olmes_macro_error,1B,14M-530M,8,False,unconstrained,seed_mean,BH@0.05,3,300,0.13666666666666666,0.11666666666666667,True,41,35,6,31,10,4,7,11,0.24390243902439024,True,False
olmes_macro_error,1B,14M-530M,8,True,bounded,seed_mean,BH@0.05,3,300,0.14,0.11666666666666667,True,42,35,7,31,11,4,7,10,0.2619047619047619,True,False
olmes_macro_error,1B,14M-530M,8,True,unconstrained,seed_mean,BH@0.05,3,300,0.13666666666666666,0.11666666666666667,True,41,35,6,31,10,4,7,11,0.24390243902439024,True,False
olmes_macro_error,1B,60M-530M,5,False,bounded,seed_mean,BH@0.05,3,300,0.11,0.11666666666666667,False,33,35,-2,27,6,8,1,5,0.18181818181818182,,False
olmes_macro_error,1B,60M-530M,5,False,unconstrained,seed_mean,BH@0.05,3,300,0.10666666666666667,0.11666666666666667,False,32,35,-3,26,6,9,0,5,0.1875,,False
olmes_macro_error,1B,60M-530M,5,True,bounded,seed_mean,BH@0.05,3,300,0.11,0.11666666666666667,False,33,35,-2,27,6,8,1,5,0.18181818181818182,,False
olmes_macro_error,1B,60M-530M,5,True,unconstrained,seed_mean,BH@0.05,3,300,0.10666666666666667,0.11666666666666667,False,32,35,-3,26,6,9,0,5,0.1875,,False
olmes_macro_error,530M,4M-150M,10,False,bounded,seed_mean,BH@0.05,3,300,0.08666666666666667,0.09333333333333334,False,26,28,-2,18,8,10,0,0,0.3076923076923077,,False
olmes_macro_error,530M,4M-150M,10,False,unconstrained,seed_mean,BH@0.05,3,300,0.09,0.09333333333333334,False,27,28,-1,19,8,9,0,0,0.2962962962962963,,False
olmes_macro_error,530M,4M-150M,10,True,bounded,seed_mean,BH@0.05,3,300,0.08666666666666667,0.09333333333333334,False,26,28,-2,18,8,10,0,0,0.3076923076923077,,False
olmes_macro_error,530M,4M-150M,10,True,unconstrained,seed_mean,BH@0.05,3,300,0.09,0.09333333333333334,False,27,28,-1,19,8,9,0,0,0.2962962962962963,,False
olmes_macro_error,530M,14M-150M,6,False,bounded,seed_mean,BH@0.05,3,300,0.09333333333333334,0.09333333333333334,False,28,28,0,21,7,7,0,0,0.25,,False
olmes_macro_error,530M,14M-150M,6,False,unconstrained,seed_mean,BH@0.05,3,300,0.11,0.09333333333333334,True,33,28,5,24,9,4,0,0,0.2727272727272727,True,False
olmes_macro_error,530M,14M-150M,6,True,bounded,seed_mean,BH@0.05,3,300,0.09333333333333334,0.09333333333333334,False,28,28,0,21,7,7,0,0,0.25,,False
olmes_macro_error,530M,14M-150M,6,True,unconstrained,seed_mean,BH@0.05,3,300,0.11,0.09333333333333334,True,33,28,5,24,9,4,0,0,0.2727272727272727,True,False
olmes_macro_error,530M,60M-150M,3,False,bounded,seed_mean,BH@0.05,3,300,0.17666666666666667,0.09333333333333334,True,53,28,25,23,30,5,0,0,0.5660377358490566,True,True
olmes_macro_error,530M,60M-150M,3,False,unconstrained,seed_mean,BH@0.05,3,300,0.19333333333333333,0.09333333333333334,True,58,28,30,23,35,5,0,0,0.603448275862069,True,True
olmes_macro_error,530M,60M-150M,3,True,bounded,seed_mean,BH@0.05,3,300,0.17666666666666667,0.09333333333333334,True,53,28,25,23,30,5,0,0,0.5660377358490566,True,True
olmes_macro_error,530M,60M-150M,3,True,unconstrained,seed_mean,BH@0.05,3,300,0.19333333333333333,0.09333333333333334,True,58,28,30,23,35,5,0,0,0.603448275862069,True,True
olmes_macro_error,530M,4M-300M,11,False,bounded,seed_mean,BH@0.05,3,300,0.08,0.07666666666666666,True,24,23,1,14,10,9,0,0,0.4166666666666667,True,False
olmes_macro_error,530M,4M-300M,11,False,unconstrained,seed_mean,BH@0.05,3,300,0.08,0.07666666666666666,True,24,23,1,14,10,9,0,0,0.4166666666666667,True,False
olmes_macro_error,530M,4M-300M,11,True,bounded,seed_mean,BH@0.05,3,300,0.08,0.07666666666666666,True,24,23,1,14,10,9,0,0,0.4166666666666667,True,False
olmes_macro_error,530M,4M-300M,11,True,unconstrained,seed_mean,BH@0.05,3,300,0.08,0.07666666666666666,True,24,23,1,14,10,9,0,0,0.4166666666666667,True,False
olmes_macro_error,530M,14M-300M,7,False,bounded,seed_mean,BH@0.05,3,300,0.06666666666666667,0.07666666666666666,False,20,23,-3,15,5,8,0,0,0.25,,False
olmes_macro_error,530M,14M-300M,7,False,unconstrained,seed_mean,BH@0.05,3,300,0.06666666666666667,0.07666666666666666,False,20,23,-3,15,5,8,0,0,0.25,,False
olmes_macro_error,530M,14M-300M,7,True,bounded,seed_mean,BH@0.05,3,300,0.06666666666666667,0.07666666666666666,False,20,23,-3,15,5,8,0,0,0.25,,False
olmes_macro_error,530M,14M-300M,7,True,unconstrained,seed_mean,BH@0.05,3,300,0.06666666666666667,0.07666666666666666,False,20,23,-3,15,5,8,0,0,0.25,,False
olmes_macro_error,530M,60M-300M,4,False,bounded,seed_mean,BH@0.05,3,300,0.08333333333333333,0.07666666666666666,True,25,23,2,20,5,3,0,0,0.2,True,False
olmes_macro_error,530M,60M-300M,4,False,unconstrained,seed_mean,BH@0.05,3,300,0.09333333333333334,0.07666666666666666,True,28,23,5,21,7,2,0,0,0.25,True,False
olmes_macro_error,530M,60M-300M,4,True,bounded,seed_mean,BH@0.05,3,300,0.08333333333333333,0.07666666666666666,True,25,23,2,20,5,3,0,0,0.2,True,False
olmes_macro_error,530M,60M-300M,4,True,unconstrained,seed_mean,BH@0.05,3,300,0.09333333333333334,0.07666666666666666,True,28,23,5,21,7,2,0,0,0.25,True,False
olmes_macro_error,530M,4M-530M,11,False,bounded,seed_mean,BH@0.05,3,300,0.08,0.07666666666666666,True,24,23,1,14,10,9,0,0,0.4166666666666667,True,False
olmes_macro_error,530M,4M-530M,11,False,unconstrained,seed_mean,BH@0.05,3,300,0.08,0.07666666666666666,True,24,23,1,14,10,9,0,0,0.4166666666666667,True,False
olmes_macro_error,530M,4M-530M,11,True,bounded,seed_mean,BH@0.05,3,300,0.08,0.07666666666666666,True,24,23,1,14,10,9,0,0,0.4166666666666667,True,False
olmes_macro_error,530M,4M-530M,11,True,unconstrained,seed_mean,BH@0.05,3,300,0.08,0.07666666666666666,True,24,23,1,14,10,9,0,0,0.4166666666666667,True,False
olmes_macro_error,530M,14M-530M,7,False,bounded,seed_mean,BH@0.05,3,300,0.06666666666666667,0.07666666666666666,False,20,23,-3,15,5,8,0,0,0.25,,False
olmes_macro_error,530M,14M-530M,7,False,unconstrained,seed_mean,BH@0.05,3,300,0.06666666666666667,0.07666666666666666,False,20,23,-3,15,5,8,0,0,0.25,,False
olmes_macro_error,530M,14M-530M,7,True,bounded,seed_mean,BH@0.05,3,300,0.06666666666666667,0.07666666666666666,False,20,23,-3,15,5,8,0,0,0.25,,False
olmes_macro_error,530M,14M-530M,7,True,unconstrained,seed_mean,BH@0.05,3,300,0.06666666666666667,0.07666666666666666,False,20,23,-3,15,5,8,0,0,0.25,,False
olmes_macro_error,530M,60M-530M,4,False,bounded,seed_mean,BH@0.05,3,300,0.08333333333333333,0.07666666666666666,True,25,23,2,20,5,3,0,0,0.2,True,False
olmes_macro_error,530M,60M-530M,4,False,unconstrained,seed_mean,BH@0.05,3,300,0.09333333333333334,0.07666666666666666,True,28,23,5,21,7,2,0,0,0.25,True,False
olmes_macro_error,530M,60M-530M,4,True,bounded,seed_mean,BH@0.05,3,300,0.08333333333333333,0.07666666666666666,True,25,23,2,20,5,3,0,0,0.2,True,False
olmes_macro_error,530M,60M-530M,4,True,unconstrained,seed_mean,BH@0.05,3,300,0.09333333333333334,0.07666666666666666,True,28,23,5,21,7,2,0,0,0.25,True,False
olmes_macro_correct_prob_per_char_deficit,1B,4M-150M,10,False,bounded,seed_mean,BH@0.05,3,300,0.21333333333333335,0.19,True,64,57,7,42,22,15,16,27,0.34375,True,False
olmes_macro_correct_prob_per_char_deficit,1B,4M-150M,10,False,unconstrained,seed_mean,BH@0.05,3,300,0.21333333333333335,0.19,True,64,57,7,41,23,16,16,27,0.359375,True,False
olmes_macro_correct_prob_per_char_deficit,1B,4M-150M,10,True,bounded,seed_mean,BH@0.05,3,300,0.21333333333333335,0.19,True,64,57,7,42,22,15,16,27,0.34375,True,False
olmes_macro_correct_prob_per_char_deficit,1B,4M-150M,10,True,unconstrained,seed_mean,BH@0.05,3,300,0.21333333333333335,0.19,True,64,57,7,41,23,16,16,27,0.359375,True,False
olmes_macro_correct_prob_per_char_deficit,1B,14M-150M,6,False,bounded,seed_mean,BH@0.05,3,300,0.26,0.19,True,78,57,21,45,33,12,19,24,0.4230769230769231,True,False
olmes_macro_correct_prob_per_char_deficit,1B,14M-150M,6,False,unconstrained,seed_mean,BH@0.05,3,300,0.3,0.19,True,90,57,33,43,47,14,31,21,0.5222222222222223,True,True
olmes_macro_correct_prob_per_char_deficit,1B,14M-150M,6,True,bounded,seed_mean,BH@0.05,3,300,0.26,0.19,True,78,57,21,45,33,12,19,24,0.4230769230769231,True,False
olmes_macro_correct_prob_per_char_deficit,1B,14M-150M,6,True,unconstrained,seed_mean,BH@0.05,3,300,0.3,0.19,True,90,57,33,43,47,14,31,21,0.5222222222222223,True,True
olmes_macro_correct_prob_per_char_deficit,1B,60M-150M,3,False,bounded,seed_mean,BH@0.05,3,300,0.24,0.19,True,72,57,15,38,34,19,21,13,0.4722222222222222,True,False
olmes_macro_correct_prob_per_char_deficit,1B,60M-150M,3,False,unconstrained,seed_mean,BH@0.05,3,300,0.25333333333333335,0.19,True,76,57,19,36,40,21,25,12,0.5263157894736842,True,True
olmes_macro_correct_prob_per_char_deficit,1B,60M-150M,3,True,bounded,seed_mean,BH@0.05,3,300,0.24,0.19,True,72,57,15,38,34,19,21,13,0.4722222222222222,True,False
olmes_macro_correct_prob_per_char_deficit,1B,60M-150M,3,True,unconstrained,seed_mean,BH@0.05,3,300,0.25333333333333335,0.19,True,76,57,19,36,40,21,25,12,0.5263157894736842,True,True
olmes_macro_correct_prob_per_char_deficit,1B,4M-300M,11,False,bounded,seed_mean,BH@0.05,3,300,0.19333333333333333,0.14666666666666667,True,58,44,14,33,25,11,19,17,0.43103448275862066,True,False
olmes_macro_correct_prob_per_char_deficit,1B,4M-300M,11,False,unconstrained,seed_mean,BH@0.05,3,300,0.19,0.14666666666666667,True,57,44,13,33,24,11,19,17,0.42105263157894735,True,False
olmes_macro_correct_prob_per_char_deficit,1B,4M-300M,11,True,bounded,seed_mean,BH@0.05,3,300,0.19333333333333333,0.14666666666666667,True,58,44,14,33,25,11,19,17,0.43103448275862066,True,False
olmes_macro_correct_prob_per_char_deficit,1B,4M-300M,11,True,unconstrained,seed_mean,BH@0.05,3,300,0.19,0.14666666666666667,True,57,44,13,33,24,11,19,17,0.42105263157894735,True,False
olmes_macro_correct_prob_per_char_deficit,1B,14M-300M,7,False,bounded,seed_mean,BH@0.05,3,300,0.16,0.14666666666666667,True,48,44,4,29,19,15,9,7,0.3958333333333333,True,False
olmes_macro_correct_prob_per_char_deficit,1B,14M-300M,7,False,unconstrained,seed_mean,BH@0.05,3,300,0.20333333333333334,0.14666666666666667,True,61,44,17,25,36,19,14,6,0.5901639344262295,True,True
olmes_macro_correct_prob_per_char_deficit,1B,14M-300M,7,True,bounded,seed_mean,BH@0.05,3,300,0.16,0.14666666666666667,True,48,44,4,29,19,15,9,7,0.3958333333333333,True,False
olmes_macro_correct_prob_per_char_deficit,1B,14M-300M,7,True,unconstrained,seed_mean,BH@0.05,3,300,0.20333333333333334,0.14666666666666667,True,61,44,17,25,36,19,14,6,0.5901639344262295,True,True
olmes_macro_correct_prob_per_char_deficit,1B,60M-300M,4,False,bounded,seed_mean,BH@0.05,3,300,0.15333333333333332,0.14666666666666667,True,46,44,2,24,22,20,7,3,0.4782608695652174,True,False
olmes_macro_correct_prob_per_char_deficit,1B,60M-300M,4,False,unconstrained,seed_mean,BH@0.05,3,300,0.17666666666666667,0.14666666666666667,True,53,44,9,26,27,18,6,2,0.5094339622641509,True,True
olmes_macro_correct_prob_per_char_deficit,1B,60M-300M,4,True,bounded,seed_mean,BH@0.05,3,300,0.15333333333333332,0.14666666666666667,True,46,44,2,24,22,20,7,3,0.4782608695652174,True,False
olmes_macro_correct_prob_per_char_deficit,1B,60M-300M,4,True,unconstrained,seed_mean,BH@0.05,3,300,0.17666666666666667,0.14666666666666667,True,53,44,9,26,27,18,6,2,0.5094339622641509,True,True
olmes_macro_correct_prob_per_char_deficit,1B,4M-530M,12,False,bounded,seed_mean,BH@0.05,3,300,0.14,0.07,True,42,21,21,17,25,4,17,8,0.5952380952380952,True,True
olmes_macro_correct_prob_per_char_deficit,1B,4M-530M,12,False,unconstrained,seed_mean,BH@0.05,3,300,0.14666666666666667,0.07,True,44,21,23,18,26,3,17,8,0.5909090909090909,True,True
olmes_macro_correct_prob_per_char_deficit,1B,4M-530M,12,True,bounded,seed_mean,BH@0.05,3,300,0.14,0.07,True,42,21,21,17,25,4,17,8,0.5952380952380952,True,True
olmes_macro_correct_prob_per_char_deficit,1B,4M-530M,12,True,unconstrained,seed_mean,BH@0.05,3,300,0.14666666666666667,0.07,True,44,21,23,18,26,3,17,8,0.5909090909090909,True,True
olmes_macro_correct_prob_per_char_deficit,1B,14M-530M,8,False,bounded,seed_mean,BH@0.05,3,300,0.07666666666666666,0.07,True,23,21,2,14,9,7,4,7,0.391304347826087,True,False
olmes_macro_correct_prob_per_char_deficit,1B,14M-530M,8,False,unconstrained,seed_mean,BH@0.05,3,300,0.08666666666666667,0.07,True,26,21,5,7,19,14,4,2,0.7307692307692307,True,True
olmes_macro_correct_prob_per_char_deficit,1B,14M-530M,8,True,bounded,seed_mean,BH@0.05,3,300,0.07666666666666666,0.07,True,23,21,2,14,9,7,4,7,0.391304347826087,True,False
olmes_macro_correct_prob_per_char_deficit,1B,14M-530M,8,True,unconstrained,seed_mean,BH@0.05,3,300,0.08666666666666667,0.07,True,26,21,5,7,19,14,4,2,0.7307692307692307,True,True
olmes_macro_correct_prob_per_char_deficit,1B,60M-530M,5,False,bounded,seed_mean,BH@0.05,3,300,0.056666666666666664,0.07,False,17,21,-4,12,5,9,2,6,0.29411764705882354,,False
olmes_macro_correct_prob_per_char_deficit,1B,60M-530M,5,False,unconstrained,seed_mean,BH@0.05,3,300,0.06333333333333334,0.07,False,19,21,-2,9,10,12,4,1,0.5263157894736842,,True
olmes_macro_correct_prob_per_char_deficit,1B,60M-530M,5,True,bounded,seed_mean,BH@0.05,3,300,0.056666666666666664,0.07,False,17,21,-4,12,5,9,2,6,0.29411764705882354,,False
olmes_macro_correct_prob_per_char_deficit,1B,60M-530M,5,True,unconstrained,seed_mean,BH@0.05,3,300,0.06333333333333334,0.07,False,19,21,-2,9,10,12,4,1,0.5263157894736842,,True
olmes_macro_correct_prob_per_char_deficit,530M,4M-150M,10,False,bounded,seed_mean,BH@0.05,3,300,0.14666666666666667,0.13333333333333333,True,44,40,4,25,19,15,11,4,0.4318181818181818,True,False
olmes_macro_correct_prob_per_char_deficit,530M,4M-150M,10,False,unconstrained,seed_mean,BH@0.05,3,300,0.15333333333333332,0.13333333333333333,True,46,40,6,25,21,15,11,4,0.45652173913043476,True,False
olmes_macro_correct_prob_per_char_deficit,530M,4M-150M,10,True,bounded,seed_mean,BH@0.05,3,300,0.14666666666666667,0.13333333333333333,True,44,40,4,25,19,15,11,4,0.4318181818181818,True,False
olmes_macro_correct_prob_per_char_deficit,530M,4M-150M,10,True,unconstrained,seed_mean,BH@0.05,3,300,0.15333333333333332,0.13333333333333333,True,46,40,6,25,21,15,11,4,0.45652173913043476,True,False
olmes_macro_correct_prob_per_char_deficit,530M,14M-150M,6,False,bounded,seed_mean,BH@0.05,3,300,0.2,0.13333333333333333,True,60,40,20,34,26,6,3,2,0.43333333333333335,True,False
olmes_macro_correct_prob_per_char_deficit,530M,14M-150M,6,False,unconstrained,seed_mean,BH@0.05,3,300,0.22666666666666666,0.13333333333333333,True,68,40,28,32,36,8,10,3,0.5294117647058824,True,True
olmes_macro_correct_prob_per_char_deficit,530M,14M-150M,6,True,bounded,seed_mean,BH@0.05,3,300,0.2,0.13333333333333333,True,60,40,20,34,26,6,3,2,0.43333333333333335,True,False
olmes_macro_correct_prob_per_char_deficit,530M,14M-150M,6,True,unconstrained,seed_mean,BH@0.05,3,300,0.22666666666666666,0.13333333333333333,True,68,40,28,32,36,8,10,3,0.5294117647058824,True,True
olmes_macro_correct_prob_per_char_deficit,530M,60M-150M,3,False,bounded,seed_mean,BH@0.05,3,300,0.2,0.13333333333333333,True,60,40,20,31,29,9,6,1,0.48333333333333334,True,False
olmes_macro_correct_prob_per_char_deficit,530M,60M-150M,3,False,unconstrained,seed_mean,BH@0.05,3,300,0.20333333333333334,0.13333333333333333,True,61,40,21,31,30,9,7,1,0.4918032786885246,True,False
olmes_macro_correct_prob_per_char_deficit,530M,60M-150M,3,True,bounded,seed_mean,BH@0.05,3,300,0.2,0.13333333333333333,True,60,40,20,31,29,9,6,1,0.48333333333333334,True,False
olmes_macro_correct_prob_per_char_deficit,530M,60M-150M,3,True,unconstrained,seed_mean,BH@0.05,3,300,0.20333333333333334,0.13333333333333333,True,61,40,21,31,30,9,7,1,0.4918032786885246,True,False
olmes_macro_correct_prob_per_char_deficit,530M,4M-300M,11,False,bounded,seed_mean,BH@0.05,3,300,0.13,0.10333333333333333,True,39,31,8,20,19,11,2,1,0.48717948717948717,True,False
olmes_macro_correct_prob_per_char_deficit,530M,4M-300M,11,False,unconstrained,seed_mean,BH@0.05,3,300,0.13,0.10333333333333333,True,39,31,8,20,19,11,2,1,0.48717948717948717,True,False
olmes_macro_correct_prob_per_char_deficit,530M,4M-300M,11,True,bounded,seed_mean,BH@0.05,3,300,0.13,0.10333333333333333,True,39,31,8,20,19,11,2,1,0.48717948717948717,True,False
olmes_macro_correct_prob_per_char_deficit,530M,4M-300M,11,True,unconstrained,seed_mean,BH@0.05,3,300,0.13,0.10333333333333333,True,39,31,8,20,19,11,2,1,0.48717948717948717,True,False
olmes_macro_correct_prob_per_char_deficit,530M,14M-300M,7,False,bounded,seed_mean,BH@0.05,3,300,0.12,0.10333333333333333,True,36,31,5,25,11,6,1,1,0.3055555555555556,True,False
olmes_macro_correct_prob_per_char_deficit,530M,14M-300M,7,False,unconstrained,seed_mean,BH@0.05,3,300,0.13333333333333333,0.10333333333333333,True,40,31,9,24,16,7,0,0,0.4,True,False
olmes_macro_correct_prob_per_char_deficit,530M,14M-300M,7,True,bounded,seed_mean,BH@0.05,3,300,0.12,0.10333333333333333,True,36,31,5,25,11,6,1,1,0.3055555555555556,True,False
olmes_macro_correct_prob_per_char_deficit,530M,14M-300M,7,True,unconstrained,seed_mean,BH@0.05,3,300,0.13333333333333333,0.10333333333333333,True,40,31,9,24,16,7,0,0,0.4,True,False
olmes_macro_correct_prob_per_char_deficit,530M,60M-300M,4,False,bounded,seed_mean,BH@0.05,3,300,0.10333333333333333,0.10333333333333333,False,31,31,0,24,7,7,0,0,0.22580645161290322,,False
olmes_macro_correct_prob_per_char_deficit,530M,60M-300M,4,False,unconstrained,seed_mean,BH@0.05,3,300,0.10666666666666667,0.10333333333333333,True,32,31,1,22,10,9,0,0,0.3125,True,False
olmes_macro_correct_prob_per_char_deficit,530M,60M-300M,4,True,bounded,seed_mean,BH@0.05,3,300,0.10333333333333333,0.10333333333333333,False,31,31,0,24,7,7,0,0,0.22580645161290322,,False
olmes_macro_correct_prob_per_char_deficit,530M,60M-300M,4,True,unconstrained,seed_mean,BH@0.05,3,300,0.10666666666666667,0.10333333333333333,True,32,31,1,22,10,9,0,0,0.3125,True,False
olmes_macro_correct_prob_per_char_deficit,530M,4M-530M,11,False,bounded,seed_mean,BH@0.05,3,300,0.13,0.10333333333333333,True,39,31,8,20,19,11,2,1,0.48717948717948717,True,False
olmes_macro_correct_prob_per_char_deficit,530M,4M-530M,11,False,unconstrained,seed_mean,BH@0.05,3,300,0.13,0.10333333333333333,True,39,31,8,20,19,11,2,1,0.48717948717948717,True,False
olmes_macro_correct_prob_per_char_deficit,530M,4M-530M,11,True,bounded,seed_mean,BH@0.05,3,300,0.13,0.10333333333333333,True,39,31,8,20,19,11,2,1,0.48717948717948717,True,False
olmes_macro_correct_prob_per_char_deficit,530M,4M-530M,11,True,unconstrained,seed_mean,BH@0.05,3,300,0.13,0.10333333333333333,True,39,31,8,20,19,11,2,1,0.48717948717948717,True,False
olmes_macro_correct_prob_per_char_deficit,530M,14M-530M,7,False,bounded,seed_mean,BH@0.05,3,300,0.12,0.10333333333333333,True,36,31,5,25,11,6,1,1,0.3055555555555556,True,False
olmes_macro_correct_prob_per_char_deficit,530M,14M-530M,7,False,unconstrained,seed_mean,BH@0.05,3,300,0.13333333333333333,0.10333333333333333,True,40,31,9,24,16,7,0,0,0.4,True,False
olmes_macro_correct_prob_per_char_deficit,530M,14M-530M,7,True,bounded,seed_mean,BH@0.05,3,300,0.12,0.10333333333333333,True,36,31,5,25,11,6,1,1,0.3055555555555556,True,False
olmes_macro_correct_prob_per_char_deficit,530M,14M-530M,7,True,unconstrained,seed_mean,BH@0.05,3,300,0.13333333333333333,0.10333333333333333,True,40,31,9,24,16,7,0,0,0.4,True,False
olmes_macro_correct_prob_per_char_deficit,530M,60M-530M,4,False,bounded,seed_mean,BH@0.05,3,300,0.10333333333333333,0.10333333333333333,False,31,31,0,24,7,7,0,0,0.22580645161290322,,False
olmes_macro_correct_prob_per_char_deficit,530M,60M-530M,4,False,unconstrained,seed_mean,BH@0.05,3,300,0.10666666666666667,0.10333333333333333,True,32,31,1,22,10,9,0,0,0.3125,True,False
olmes_macro_correct_prob_per_char_deficit,530M,60M-530M,4,True,bounded,seed_mean,BH@0.05,3,300,0.10333333333333333,0.10333333333333333,False,31,31,0,24,7,7,0,0,0.22580645161290322,,False
olmes_macro_correct_prob_per_char_deficit,530M,60M-530M,4,True,unconstrained,seed_mean,BH@0.05,3,300,0.10666666666666667,0.10333333333333333,True,32,31,1,22,10,9,0,0,0.3125,True,False
sn_c4_bits_per_byte,1B,4M-150M,5,False,bounded,seed_mean,BH@0.05,1,300,0.17,0.02,True,51,6,45,2,49,4,0,0,0.9607843137254902,True,True
sn_c4_bits_per_byte,1B,4M-150M,5,False,unconstrained,seed_mean,BH@0.05,1,300,0.17,0.02,True,51,6,45,2,49,4,0,0,0.9607843137254902,True,True
sn_c4_bits_per_byte,1B,4M-150M,5,True,bounded,seed_mean,BH@0.05,1,300,0.17,0.02,True,51,6,45,2,49,4,0,0,0.9607843137254902,True,True
sn_c4_bits_per_byte,1B,4M-150M,5,True,unconstrained,seed_mean,BH@0.05,1,300,0.17,0.02,True,51,6,45,2,49,4,0,0,0.9607843137254902,True,True
sn_c4_bits_per_byte,1B,14M-150M,4,False,bounded,seed_mean,BH@0.05,1,300,0.19333333333333333,0.02,True,58,6,52,3,55,3,0,0,0.9482758620689655,True,True
sn_c4_bits_per_byte,1B,14M-150M,4,False,unconstrained,seed_mean,BH@0.05,1,300,0.19333333333333333,0.02,True,58,6,52,2,56,4,0,0,0.9655172413793104,True,True
sn_c4_bits_per_byte,1B,14M-150M,4,True,bounded,seed_mean,BH@0.05,1,300,0.19333333333333333,0.02,True,58,6,52,3,55,3,0,0,0.9482758620689655,True,True
sn_c4_bits_per_byte,1B,14M-150M,4,True,unconstrained,seed_mean,BH@0.05,1,300,0.19333333333333333,0.02,True,58,6,52,2,56,4,0,0,0.9655172413793104,True,True
sn_c4_bits_per_byte,1B,60M-150M,3,False,bounded,seed_mean,BH@0.05,1,300,0.16333333333333333,0.02,True,49,6,43,4,45,2,0,0,0.9183673469387755,True,True
sn_c4_bits_per_byte,1B,60M-150M,3,False,unconstrained,seed_mean,BH@0.05,1,300,0.22666666666666666,0.02,True,68,6,62,3,65,3,0,0,0.9558823529411765,True,True
sn_c4_bits_per_byte,1B,60M-150M,3,True,bounded,seed_mean,BH@0.05,1,300,0.16333333333333333,0.02,True,49,6,43,4,45,2,0,0,0.9183673469387755,True,True
sn_c4_bits_per_byte,1B,60M-150M,3,True,unconstrained,seed_mean,BH@0.05,1,300,0.22666666666666666,0.02,True,68,6,62,3,65,3,0,0,0.9558823529411765,True,True
sn_c4_bits_per_byte,1B,4M-300M,6,False,bounded,seed_mean,BH@0.05,1,300,0.09,0.013333333333333334,True,27,4,23,3,24,1,0,0,0.8888888888888888,True,True
sn_c4_bits_per_byte,1B,4M-300M,6,False,unconstrained,seed_mean,BH@0.05,1,300,0.09,0.013333333333333334,True,27,4,23,3,24,1,0,0,0.8888888888888888,True,True
sn_c4_bits_per_byte,1B,4M-300M,6,True,bounded,seed_mean,BH@0.05,1,300,0.09,0.013333333333333334,True,27,4,23,3,24,1,0,0,0.8888888888888888,True,True
sn_c4_bits_per_byte,1B,4M-300M,6,True,unconstrained,seed_mean,BH@0.05,1,300,0.09,0.013333333333333334,True,27,4,23,3,24,1,0,0,0.8888888888888888,True,True
sn_c4_bits_per_byte,1B,14M-300M,5,False,bounded,seed_mean,BH@0.05,1,300,0.06,0.013333333333333334,True,18,4,14,1,17,3,0,0,0.9444444444444444,True,True
sn_c4_bits_per_byte,1B,14M-300M,5,False,unconstrained,seed_mean,BH@0.05,1,300,0.06,0.013333333333333334,True,18,4,14,1,17,3,0,0,0.9444444444444444,True,True
sn_c4_bits_per_byte,1B,14M-300M,5,True,bounded,seed_mean,BH@0.05,1,300,0.06,0.013333333333333334,True,18,4,14,1,17,3,0,0,0.9444444444444444,True,True
sn_c4_bits_per_byte,1B,14M-300M,5,True,unconstrained,seed_mean,BH@0.05,1,300,0.06,0.013333333333333334,True,18,4,14,1,17,3,0,0,0.9444444444444444,True,True
sn_c4_bits_per_byte,1B,60M-300M,4,False,bounded,seed_mean,BH@0.05,1,300,0.06666666666666667,0.013333333333333334,True,20,4,16,4,16,0,0,0,0.8,True,True
sn_c4_bits_per_byte,1B,60M-300M,4,False,unconstrained,seed_mean,BH@0.05,1,300,0.07666666666666666,0.013333333333333334,True,23,4,19,4,19,0,0,0,0.8260869565217391,True,True
sn_c4_bits_per_byte,1B,60M-300M,4,True,bounded,seed_mean,BH@0.05,1,300,0.06666666666666667,0.013333333333333334,True,20,4,16,4,16,0,0,0,0.8,True,True
sn_c4_bits_per_byte,1B,60M-300M,4,True,unconstrained,seed_mean,BH@0.05,1,300,0.07666666666666666,0.013333333333333334,True,23,4,19,4,19,0,0,0,0.8260869565217391,True,True
sn_c4_bits_per_byte,1B,4M-530M,7,False,bounded,seed_mean,BH@0.05,1,300,0.03333333333333333,0.013333333333333334,True,10,4,6,1,9,3,0,0,0.9,True,True
sn_c4_bits_per_byte,1B,4M-530M,7,False,unconstrained,seed_mean,BH@0.05,1,300,0.03333333333333333,0.013333333333333334,True,10,4,6,1,9,3,0,0,0.9,True,True
sn_c4_bits_per_byte,1B,4M-530M,7,True,bounded,seed_mean,BH@0.05,1,300,0.03333333333333333,0.013333333333333334,True,10,4,6,1,9,3,0,0,0.9,True,True
sn_c4_bits_per_byte,1B,4M-530M,7,True,unconstrained,seed_mean,BH@0.05,1,300,0.03333333333333333,0.013333333333333334,True,10,4,6,1,9,3,0,0,0.9,True,True
sn_c4_bits_per_byte,1B,14M-530M,6,False,bounded,seed_mean,BH@0.05,1,300,0.023333333333333334,0.013333333333333334,True,7,4,3,1,6,3,0,0,0.8571428571428571,True,True
sn_c4_bits_per_byte,1B,14M-530M,6,False,unconstrained,seed_mean,BH@0.05,1,300,0.023333333333333334,0.013333333333333334,True,7,4,3,1,6,3,0,0,0.8571428571428571,True,True
sn_c4_bits_per_byte,1B,14M-530M,6,True,bounded,seed_mean,BH@0.05,1,300,0.023333333333333334,0.013333333333333334,True,7,4,3,1,6,3,0,0,0.8571428571428571,True,True
sn_c4_bits_per_byte,1B,14M-530M,6,True,unconstrained,seed_mean,BH@0.05,1,300,0.023333333333333334,0.013333333333333334,True,7,4,3,1,6,3,0,0,0.8571428571428571,True,True
sn_c4_bits_per_byte,1B,60M-530M,5,False,bounded,seed_mean,BH@0.05,1,300,0.03333333333333333,0.013333333333333334,True,10,4,6,3,7,1,0,0,0.7,True,True
sn_c4_bits_per_byte,1B,60M-530M,5,False,unconstrained,seed_mean,BH@0.05,1,300,0.03333333333333333,0.013333333333333334,True,10,4,6,3,7,1,0,0,0.7,True,True
sn_c4_bits_per_byte,1B,60M-530M,5,True,bounded,seed_mean,BH@0.05,1,300,0.03333333333333333,0.013333333333333334,True,10,4,6,3,7,1,0,0,0.7,True,True
sn_c4_bits_per_byte,1B,60M-530M,5,True,unconstrained,seed_mean,BH@0.05,1,300,0.03333333333333333,0.013333333333333334,True,10,4,6,3,7,1,0,0,0.7,True,True
sn_c4_bits_per_byte,530M,4M-150M,5,False,bounded,seed_mean,BH@0.05,1,300,0.12,0.013333333333333334,True,36,4,32,2,34,2,0,0,0.9444444444444444,True,True
sn_c4_bits_per_byte,530M,4M-150M,5,False,unconstrained,seed_mean,BH@0.05,1,300,0.12,0.013333333333333334,True,36,4,32,2,34,2,0,0,0.9444444444444444,True,True
sn_c4_bits_per_byte,530M,4M-150M,5,True,bounded,seed_mean,BH@0.05,1,300,0.12,0.013333333333333334,True,36,4,32,2,34,2,0,0,0.9444444444444444,True,True
sn_c4_bits_per_byte,530M,4M-150M,5,True,unconstrained,seed_mean,BH@0.05,1,300,0.12,0.013333333333333334,True,36,4,32,2,34,2,0,0,0.9444444444444444,True,True
sn_c4_bits_per_byte,530M,14M-150M,4,False,bounded,seed_mean,BH@0.05,1,300,0.12333333333333334,0.013333333333333334,True,37,4,33,3,34,1,0,0,0.918918918918919,True,True
sn_c4_bits_per_byte,530M,14M-150M,4,False,unconstrained,seed_mean,BH@0.05,1,300,0.12666666666666668,0.013333333333333334,True,38,4,34,3,35,1,0,0,0.9210526315789473,True,True
sn_c4_bits_per_byte,530M,14M-150M,4,True,bounded,seed_mean,BH@0.05,1,300,0.12333333333333334,0.013333333333333334,True,37,4,33,3,34,1,0,0,0.918918918918919,True,True
sn_c4_bits_per_byte,530M,14M-150M,4,True,unconstrained,seed_mean,BH@0.05,1,300,0.12666666666666668,0.013333333333333334,True,38,4,34,3,35,1,0,0,0.9210526315789473,True,True
sn_c4_bits_per_byte,530M,60M-150M,3,False,bounded,seed_mean,BH@0.05,1,300,0.07666666666666666,0.013333333333333334,True,23,4,19,2,21,2,0,0,0.9130434782608695,True,True
sn_c4_bits_per_byte,530M,60M-150M,3,False,unconstrained,seed_mean,BH@0.05,1,300,0.11,0.013333333333333334,True,33,4,29,2,31,2,0,0,0.9393939393939394,True,True
sn_c4_bits_per_byte,530M,60M-150M,3,True,bounded,seed_mean,BH@0.05,1,300,0.07666666666666666,0.013333333333333334,True,23,4,19,2,21,2,0,0,0.9130434782608695,True,True
sn_c4_bits_per_byte,530M,60M-150M,3,True,unconstrained,seed_mean,BH@0.05,1,300,0.11,0.013333333333333334,True,33,4,29,2,31,2,0,0,0.9393939393939394,True,True
sn_c4_bits_per_byte,530M,4M-300M,6,False,bounded,seed_mean,BH@0.05,1,300,0.056666666666666664,0.013333333333333334,True,17,4,13,4,13,0,0,0,0.7647058823529411,True,True
sn_c4_bits_per_byte,530M,4M-300M,6,False,unconstrained,seed_mean,BH@0.05,1,300,0.056666666666666664,0.013333333333333334,True,17,4,13,4,13,0,0,0,0.7647058823529411,True,True
sn_c4_bits_per_byte,530M,4M-300M,6,True,bounded,seed_mean,BH@0.05,1,300,0.056666666666666664,0.013333333333333334,True,17,4,13,4,13,0,0,0,0.7647058823529411,True,True
sn_c4_bits_per_byte,530M,4M-300M,6,True,unconstrained,seed_mean,BH@0.05,1,300,0.056666666666666664,0.013333333333333334,True,17,4,13,4,13,0,0,0,0.7647058823529411,True,True
sn_c4_bits_per_byte,530M,14M-300M,5,False,bounded,seed_mean,BH@0.05,1,300,0.03,0.013333333333333334,True,9,4,5,3,6,1,0,0,0.6666666666666666,True,True
sn_c4_bits_per_byte,530M,14M-300M,5,False,unconstrained,seed_mean,BH@0.05,1,300,0.03,0.013333333333333334,True,9,4,5,3,6,1,0,0,0.6666666666666666,True,True
sn_c4_bits_per_byte,530M,14M-300M,5,True,bounded,seed_mean,BH@0.05,1,300,0.03,0.013333333333333334,True,9,4,5,3,6,1,0,0,0.6666666666666666,True,True
sn_c4_bits_per_byte,530M,14M-300M,5,True,unconstrained,seed_mean,BH@0.05,1,300,0.03,0.013333333333333334,True,9,4,5,3,6,1,0,0,0.6666666666666666,True,True
sn_c4_bits_per_byte,530M,60M-300M,4,False,bounded,seed_mean,BH@0.05,1,300,0.02666666666666667,0.013333333333333334,True,8,4,4,3,5,1,0,0,0.625,True,True
sn_c4_bits_per_byte,530M,60M-300M,4,False,unconstrained,seed_mean,BH@0.05,1,300,0.03,0.013333333333333334,True,9,4,5,3,6,1,0,0,0.6666666666666666,True,True
sn_c4_bits_per_byte,530M,60M-300M,4,True,bounded,seed_mean,BH@0.05,1,300,0.02666666666666667,0.013333333333333334,True,8,4,4,3,5,1,0,0,0.625,True,True
sn_c4_bits_per_byte,530M,60M-300M,4,True,unconstrained,seed_mean,BH@0.05,1,300,0.03,0.013333333333333334,True,9,4,5,3,6,1,0,0,0.6666666666666666,True,True
sn_c4_bits_per_byte,530M,4M-530M,6,False,bounded,seed_mean,BH@0.05,1,300,0.056666666666666664,0.013333333333333334,True,17,4,13,4,13,0,0,0,0.7647058823529411,True,True
sn_c4_bits_per_byte,530M,4M-530M,6,False,unconstrained,seed_mean,BH@0.05,1,300,0.056666666666666664,0.013333333333333334,True,17,4,13,4,13,0,0,0,0.7647058823529411,True,True
sn_c4_bits_per_byte,530M,4M-530M,6,True,bounded,seed_mean,BH@0.05,1,300,0.056666666666666664,0.013333333333333334,True,17,4,13,4,13,0,0,0,0.7647058823529411,True,True
sn_c4_bits_per_byte,530M,4M-530M,6,True,unconstrained,seed_mean,BH@0.05,1,300,0.056666666666666664,0.013333333333333334,True,17,4,13,4,13,0,0,0,0.7647058823529411,True,True
sn_c4_bits_per_byte,530M,14M-530M,5,False,bounded,seed_mean,BH@0.05,1,300,0.03,0.013333333333333334,True,9,4,5,3,6,1,0,0,0.6666666666666666,True,True
sn_c4_bits_per_byte,530M,14M-530M,5,False,unconstrained,seed_mean,BH@0.05,1,300,0.03,0.013333333333333334,True,9,4,5,3,6,1,0,0,0.6666666666666666,True,True
sn_c4_bits_per_byte,530M,14M-530M,5,True,bounded,seed_mean,BH@0.05,1,300,0.03,0.013333333333333334,True,9,4,5,3,6,1,0,0,0.6666666666666666,True,True
sn_c4_bits_per_byte,530M,14M-530M,5,True,unconstrained,seed_mean,BH@0.05,1,300,0.03,0.013333333333333334,True,9,4,5,3,6,1,0,0,0.6666666666666666,True,True
sn_c4_bits_per_byte,530M,60M-530M,4,False,bounded,seed_mean,BH@0.05,1,300,0.02666666666666667,0.013333333333333334,True,8,4,4,3,5,1,0,0,0.625,True,True
sn_c4_bits_per_byte,530M,60M-530M,4,False,unconstrained,seed_mean,BH@0.05,1,300,0.03,0.013333333333333334,True,9,4,5,3,6,1,0,0,0.6666666666666666,True,True
sn_c4_bits_per_byte,530M,60M-530M,4,True,bounded,seed_mean,BH@0.05,1,300,0.02666666666666667,0.013333333333333334,True,8,4,4,3,5,1,0,0,0.625,True,True
sn_c4_bits_per_byte,530M,60M-530M,4,True,unconstrained,seed_mean,BH@0.05,1,300,0.03,0.013333333333333334,True,9,4,5,3,6,1,0,0,0.6666666666666666,True,True
c4_en_bits_per_token,1B,4M-300M,11,False,bounded,seed_mean,BH@0.01,3,300,0.05333333333333334,0.013333333333333334,True,16,4,12,2,14,2,7,0,0.875,True,True
c4_en_bits_per_token,1B,4M-300M,11,False,bounded,per_seed_majority,BH@0.01,3,300,0.05333333333333334,0.006666666666666667,True,16,2,14,1,15,1,7,0,0.9375,True,True
c4_en_bits_per_token,1B,4M-300M,11,False,bounded,per_seed_majority,BH@0.05,3,300,0.05333333333333334,0.006666666666666667,True,16,2,14,1,15,1,10,1,0.9375,True,True
c4_en_bits_per_token,1B,4M-300M,11,False,bounded,seed_mean,BH@0.1,3,300,0.05333333333333334,0.013333333333333334,True,16,4,12,2,14,2,12,1,0.875,True,True
c4_en_bits_per_token,1B,4M-300M,11,False,bounded,per_seed_majority,BH@0.1,3,300,0.05333333333333334,0.006666666666666667,True,16,2,14,1,15,1,12,1,0.9375,True,True
c4_en_bits_per_token,1B,4M-300M,11,False,bounded,seed_mean,BY@0.05,3,300,0.05333333333333334,0.013333333333333334,True,16,4,12,2,14,2,9,0,0.875,True,True
c4_en_bits_per_token,1B,4M-300M,11,False,bounded,per_seed_majority,BY@0.05,3,300,0.05333333333333334,0.006666666666666667,True,16,2,14,1,15,1,9,0,0.9375,True,True
c4_en_bits_per_token,1B,4M-300M,11,False,bounded,seed_mean,BY@0.1,3,300,0.05333333333333334,0.013333333333333334,True,16,4,12,2,14,2,10,0,0.875,True,True
c4_en_bits_per_token,1B,4M-300M,11,False,bounded,per_seed_majority,BY@0.1,3,300,0.05333333333333334,0.006666666666666667,True,16,2,14,1,15,1,10,0,0.9375,True,True
olmes_macro_error,1B,4M-300M,11,False,bounded,seed_mean,BH@0.01,3,300,0.17,0.14,True,51,42,9,37,14,5,2,9,0.27450980392156865,True,False
olmes_macro_error,1B,4M-300M,11,False,bounded,per_seed_majority,BH@0.01,3,300,0.17,0.15,True,51,45,6,39,12,6,0,11,0.23529411764705882,True,False
olmes_macro_error,1B,4M-300M,11,False,bounded,per_seed_majority,BH@0.05,3,300,0.17,0.15,True,51,45,6,39,12,6,4,19,0.23529411764705882,True,False
olmes_macro_error,1B,4M-300M,11,False,bounded,seed_mean,BH@0.1,3,300,0.17,0.14,True,51,42,9,37,14,5,10,17,0.27450980392156865,True,False
olmes_macro_error,1B,4M-300M,11,False,bounded,per_seed_majority,BH@0.1,3,300,0.17,0.15,True,51,45,6,39,12,6,7,20,0.23529411764705882,True,False
olmes_macro_error,1B,4M-300M,11,False,bounded,seed_mean,BY@0.05,3,300,0.17,0.14,True,51,42,9,37,14,5,2,9,0.27450980392156865,True,False
olmes_macro_error,1B,4M-300M,11,False,bounded,per_seed_majority,BY@0.05,3,300,0.17,0.15,True,51,45,6,39,12,6,0,11,0.23529411764705882,True,False
olmes_macro_error,1B,4M-300M,11,False,bounded,seed_mean,BY@0.1,3,300,0.17,0.14,True,51,42,9,37,14,5,5,12,0.27450980392156865,True,False
olmes_macro_error,1B,4M-300M,11,False,bounded,per_seed_majority,BY@0.1,3,300,0.17,0.15,True,51,45,6,39,12,6,2,15,0.23529411764705882,True,False
olmes_macro_correct_prob_per_char_deficit,1B,4M-300M,11,False,bounded,seed_mean,BH@0.01,3,300,0.19333333333333333,0.14666666666666667,True,58,44,14,33,25,11,10,8,0.43103448275862066,True,False
olmes_macro_correct_prob_per_char_deficit,1B,4M-300M,11,False,bounded,per_seed_majority,BH@0.01,3,300,0.19333333333333333,0.15666666666666668,True,58,47,11,35,23,12,10,8,0.39655172413793105,True,False
olmes_macro_correct_prob_per_char_deficit,1B,4M-300M,11,False,bounded,per_seed_majority,BH@0.05,3,300,0.19333333333333333,0.15666666666666668,True,58,47,11,35,23,12,18,18,0.39655172413793105,True,False
olmes_macro_correct_prob_per_char_deficit,1B,4M-300M,11,False,bounded,seed_mean,BH@0.1,3,300,0.19333333333333333,0.14666666666666667,True,58,44,14,33,25,11,21,20,0.43103448275862066,True,False
olmes_macro_correct_prob_per_char_deficit,1B,4M-300M,11,False,bounded,per_seed_majority,BH@0.1,3,300,0.19333333333333333,0.15666666666666668,True,58,47,11,35,23,12,20,21,0.39655172413793105,True,False
olmes_macro_correct_prob_per_char_deficit,1B,4M-300M,11,False,bounded,seed_mean,BY@0.05,3,300,0.19333333333333333,0.14666666666666667,True,58,44,14,33,25,11,13,8,0.43103448275862066,True,False
olmes_macro_correct_prob_per_char_deficit,1B,4M-300M,11,False,bounded,per_seed_majority,BY@0.05,3,300,0.19333333333333333,0.15666666666666668,True,58,47,11,35,23,12,13,8,0.39655172413793105,True,False
olmes_macro_correct_prob_per_char_deficit,1B,4M-300M,11,False,bounded,seed_mean,BY@0.1,3,300,0.19333333333333333,0.14666666666666667,True,58,44,14,33,25,11,16,13,0.43103448275862066,True,False
olmes_macro_correct_prob_per_char_deficit,1B,4M-300M,11,False,bounded,per_seed_majority,BY@0.1,3,300,0.19333333333333333,0.15666666666666668,True,58,47,11,35,23,12,17,12,0.39655172413793105,True,False
sn_c4_bits_per_byte,1B,4M-300M,6,False,bounded,seed_mean,BH@0.01,1,300,0.09,0.013333333333333334,True,27,4,23,3,24,1,0,0,0.8888888888888888,True,True
sn_c4_bits_per_byte,1B,4M-300M,6,False,bounded,seed_mean,BH@0.1,1,300,0.09,0.013333333333333334,True,27,4,23,3,24,1,0,0,0.8888888888888888,True,True
sn_c4_bits_per_byte,1B,4M-300M,6,False,bounded,seed_mean,BY@0.05,1,300,0.09,0.013333333333333334,True,27,4,23,3,24,1,0,0,0.8888888888888888,True,True
sn_c4_bits_per_byte,1B,4M-300M,6,False,bounded,seed_mean,BY@0.1,1,300,0.09,0.013333333333333334,True,27,4,23,3,24,1,0,0,0.8888888888888888,True,True
